,Player,Pos,Age,G,GS,MP,FG,FGA,3P,3PA,2P,2PA,FT,FTA,ORB,DRB,AST,STL,BLK,TOV,PF
0,Alex Abrines,SG,24.0,75.0,8.0,15.1,1.5,3.9,1.1,2.9,0.4,0.9,0.5,0.6,0.3,1.2,0.4,0.5,0.1,0.3,1.7
1,Quincy Acy,PF,27.0,70.0,8.0,19.4,1.9,5.2,1.5,4.2,0.4,1.0,0.7,0.9,0.6,3.1,0.8,0.5,0.4,0.9,2.1
2,Steven Adams,C,24.0,76.0,76.0,32.7,5.9,9.4,0.0,0.0,5.9,9.3,2.1,3.8,5.1,4.0,1.2,1.2,1.0,1.7,2.8
3,Bam Adebayo,C,20.0,69.0,19.0,19.8,2.5,4.9,0.0,0.1,2.5,4.8,1.9,2.6,1.7,3.8,1.5,0.5,0.6,1.0,2.0
4,Arron Afflalo,SG,32.0,53.0,3.0,12.9,1.2,3.1,0.5,1.3,0.7,1.7,0.4,0.5,0.1,1.2,0.6,0.1,0.2,0.4,1.1
5,Cole Aldrich,C,29.0,21.0,0.0,2.3,0.2,0.7,0.0,0.0,0.2,0.7,0.1,0.3,0.1,0.6,0.1,0.1,0.0,0.0,0.5
6,LaMarcus Aldridge,C,32.0,75.0,75.0,33.5,9.2,18.0,0.4,1.2,8.8,16.7,4.5,5.3,3.3,5.2,2.0,0.6,1.2,1.5,2.2
7,Jarrett Allen,C,19.0,72.0,31.0,20.0,3.3,5.5,0.1,0.2,3.2,5.3,1.6,2.0,2.0,3.4,0.7,0.4,1.2,1.1,2.0
8,Kadeem Allen,PG,25.0,18.0,1.0,5.9,0.3,1.2,0.0,0.6,0.3,0.6,0.4,0.5,0.2,0.4,0.7,0.2,0.1,0.5,0.8
9,Tony Allen,SF,36.0,22.0,0.0,12.4,2.0,4.1,0.2,0.5,1.8,3.6,0.5,1.0,0.9,1.2,0.4,0.5,0.1,0.9,2.2
10,Al-Farouq Aminu,PF,27.0,69.0,67.0,30.0,3.3,8.4,1.8,4.9,1.5,3.5,0.9,1.2,1.4,6.2,1.2,1.1,0.6,1.1,2.0
11,Justin Anderson,SF,24.0,38.0,0.0,13.7,2.3,5.3,0.9,2.7,1.4,2.6,0.7,1.0,0.7,1.8,0.7,0.4,0.2,0.4,1.4
12,Kyle Anderson,SF,24.0,74.0,67.0,26.7,3.1,5.9,0.3,0.8,2.9,5.1,1.4,2.0,1.1,4.2,2.7,1.6,0.8,1.3,1.5
13,Ryan Anderson,PF,29.0,66.0,50.0,26.1,3.1,7.3,2.0,5.1,1.2,2.1,1.1,1.4,1.4,3.6,0.9,0.4,0.3,0.6,1.9
14,Ike Anigbogu,C,19.0,11.0,0.0,2.7,0.4,0.8,0.0,0.0,0.4,0.8,0.5,0.5,0.5,0.4,0.0,0.1,0.3,0.2,0.1
15,Giannis Antetokounmpo,PF,23.0,75.0,75.0,36.7,9.9,18.7,0.6,1.9,9.3,16.8,6.5,8.5,2.1,8.0,4.8,1.5,1.4,3.0,3.1
16,Carmelo Anthony,PF,33.0,78.0,78.0,32.1,6.1,15.0,2.2,6.1,3.9,8.9,1.9,2.5,0.9,4.9,1.3,0.6,0.6,1.3,2.5
17,OG Anunoby,SF,20.0,74.0,62.0,20.0,2.2,4.7,1.0,2.7,1.2,2.0,0.5,0.8,0.6,1.9,0.7,0.7,0.2,0.6,1.8
18,Ryan Arcidiacono,PG,23.0,24.0,0.0,12.7,0.7,1.7,0.4,1.3,0.3,0.4,0.2,0.3,0.0,1.0,1.5,0.5,0.0,0.5,0.8
19,Trevor Ariza,SF,32.0,67.0,67.0,33.9,4.0,9.7,2.5,6.9,1.5,2.8,1.1,1.3,0.5,3.9,1.6,1.5,0.2,0.8,2.0
20,Darrell Arthur,PF,29.0,19.0,1.0,7.4,1.2,2.5,0.4,1.2,0.7,1.3,0.1,0.2,0.2,0.6,0.5,0.4,0.2,0.8,1.2
21,Jamel Artis,SG,25.0,15.0,1.0,18.6,2.1,5.3,0.5,1.9,1.5,3.3,0.5,0.8,0.3,2.3,1.2,0.1,0.2,0.5,0.7
22,Omer Asik,C,31.0,18.0,0.0,10.1,0.5,1.2,0.0,0.0,0.5,1.2,0.2,0.7,0.5,2.1,0.2,0.1,0.2,0.5,1.1
25,D.J. Augustin,PG,30.0,75.0,36.0,23.5,3.3,7.2,1.5,3.6,1.7,3.6,2.2,2.5,0.4,1.7,3.8,0.7,0.0,1.6,1.3
26,Luke Babbitt,SF,28.0,50.0,14.0,14.3,1.8,4.3,1.2,3.1,0.6,1.2,0.3,0.4,0.1,1.8,0.6,0.2,0.1,0.4,1.1
29,Dwayne Bacon,SG,22.0,53.0,6.0,13.5,1.4,3.6,0.2,0.8,1.2,2.8,0.4,0.5,0.1,2.3,0.7,0.3,0.0,0.4,0.9
30,Ron Baker,SG,24.0,29.0,1.0,13.3,0.7,2.0,0.4,1.1,0.3,0.9,0.7,0.9,0.2,0.9,1.6,0.9,0.2,0.6,1.1
31,Wade Baldwin,PG,21.0,7.0,0.0,11.4,2.0,3.0,0.6,0.7,1.4,2.3,0.9,1.4,0.1,1.0,0.7,0.3,0.1,0.6,1.7
32,Lonzo Ball,PG,20.0,52.0,50.0,34.2,3.9,10.8,1.7,5.7,2.2,5.2,0.6,1.4,1.3,5.6,7.2,1.7,0.8,2.6,2.3
33,J.J. Barea,PG,33.0,69.0,10.0,23.2,4.4,10.0,1.7,4.5,2.7,5.5,1.2,1.5,0.2,2.7,6.3,0.5,0.0,2.1,1.2
34,Harrison Barnes,PF,25.0,77.0,77.0,34.2,7.0,15.7,1.5,4.3,5.4,11.4,3.4,4.1,1.0,5.1,2.0,0.6,0.2,1.5,1.2
35,Will Barton,SG,27.0,81.0,40.0,33.1,5.7,12.7,1.9,5.2,3.8,7.5,2.2,2.8,0.9,4.2,4.1,1.0,0.6,1.8,2.1
36,Nicolas Batum,SG,29.0,64.0,64.0,31.0,4.2,10.2,1.4,4.3,2.8,5.9,1.7,2.0,0.9,3.9,5.5,1.0,0.4,2.0,1.1
37,Jerryd Bayless,SG,29.0,39.0,11.0,23.7,2.8,6.7,1.4,3.7,1.4,3.0,0.9,1.1,0.4,1.7,1.4,0.6,0.2,1.2,2.3
38,Aron Baynes,C,31.0,81.0,67.0,18.3,2.6,5.5,0.0,0.3,2.6,5.2,0.7,1.0,1.6,3.8,1.1,0.3,0.6,1.0,2.5
39,Kent Bazemore,SG,28.0,65.0,65.0,27.5,4.4,10.4,1.7,4.2,2.7,6.2,2.5,3.1,0.4,3.4,3.5,1.5,0.7,2.4,2.3
40,Bradley Beal,SG,24.0,82.0,82.0,36.3,8.3,18.1,2.4,6.5,5.9,11.6,3.6,4.5,0.7,3.7,4.5,1.2,0.4,2.6,2.0
41,Malik Beasley,SG,21.0,62.0,0.0,9.4,1.2,2.9,0.5,1.3,0.7,1.5,0.4,0.5,0.2,0.9,0.5,0.2,0.1,0.4,0.6
42,Michael Beasley,PF,29.0,74.0,30.0,22.3,5.5,10.9,0.5,1.2,5.1,9.7,1.7,2.1,1.3,4.3,1.7,0.5,0.6,1.9,2.0
43,Marco Belinelli,SG,31.0,80.0,2.0,24.3,4.2,9.5,1.9,4.9,2.4,4.6,1.9,2.0,0.2,1.6,1.9,0.8,0.2,1.2,1.1
46,Jordan Bell,C,23.0,57.0,13.0,14.2,2.0,3.2,0.0,0.1,2.0,3.2,0.5,0.8,1.1,2.6,1.8,0.6,1.0,0.9,1.6
47,DeAndre' Bembry,SF,23.0,26.0,3.0,17.5,2.0,4.9,0.4,1.2,1.6,3.8,0.7,1.3,0.3,2.5,1.9,0.8,0.5,1.8,1.5
48,Dragan Bender,PF,20.0,82.0,37.0,25.2,2.3,5.9,1.4,3.9,0.8,2.0,0.5,0.6,0.5,3.9,1.6,0.3,0.6,1.4,2.0
49,Davis Bertans,PF,25.0,77.0,10.0,14.1,2.1,4.8,1.2,3.3,0.9,1.5,0.5,0.6,0.2,1.8,1.0,0.3,0.4,0.5,1.2
50,Patrick Beverley,SG,29.0,11.0,11.0,30.4,4.4,10.8,2.2,5.5,2.2,5.4,1.3,1.5,1.5,2.6,2.9,1.6,0.5,2.3,3.1
51,Khem Birch,C,25.0,42.0,0.0,13.8,1.6,3.0,0.0,0.0,1.6,3.0,1.0,1.5,1.7,2.6,0.8,0.4,0.5,0.5,1.3
52,Jabari Bird,SG,23.0,13.0,1.0,8.8,1.2,2.0,0.2,0.5,0.9,1.5,0.5,1.0,0.5,1.0,0.6,0.2,0.1,0.6,0.5
53,Bismack Biyombo,C,25.0,82.0,25.0,18.2,2.2,4.3,0.0,0.0,2.2,4.3,1.2,1.9,1.8,4.0,0.8,0.3,1.2,1.0,1.9
54,Nemanja Bjelica,PF,29.0,67.0,21.0,20.5,2.6,5.5,1.1,2.7,1.4,2.8,0.5,0.7,0.8,3.3,1.3,0.7,0.2,0.8,2.1
55,Tarik Black,C,26.0,51.0,2.0,10.5,1.5,2.5,0.0,0.2,1.5,2.3,0.6,1.2,1.2,2.0,0.3,0.4,0.6,0.7,2.1
56,Antonio Blakeney,SG,21.0,19.0,0.0,16.5,2.8,7.5,0.8,2.7,2.0,4.8,1.6,2.1,0.2,1.5,1.1,0.4,0.1,0.6,1.0
57,Eric Bledsoe,PG,28.0,74.0,74.0,31.4,6.3,13.4,1.7,4.9,4.6,8.5,3.4,4.3,0.7,3.1,5.0,2.0,0.6,2.9,2.5
60,Vander Blue,SG,25.0,5.0,0.0,9.0,0.2,1.0,0.0,0.4,0.2,0.6,0.2,0.4,0.0,0.2,0.6,0.2,0.0,0.6,0.4
61,Bogdan Bogdanovic,SG,25.0,78.0,53.0,27.9,4.4,9.9,1.7,4.2,2.8,5.7,1.3,1.5,0.4,2.5,3.3,0.9,0.2,1.6,2.2
62,Bojan Bogdanovic,SF,28.0,80.0,80.0,30.8,5.1,10.7,1.9,4.8,3.1,5.8,2.2,2.6,0.4,3.0,1.5,0.7,0.1,1.3,1.6
63,Andrew Bogut,C,33.0,23.0,5.0,9.4,0.7,1.1,0.0,0.0,0.7,1.1,0.1,0.1,1.1,2.3,0.7,0.2,0.6,0.8,1.7
64,Joel Bolomboy,PF,24.0,6.0,0.0,6.3,0.5,1.0,0.0,0.2,0.5,0.8,0.5,1.0,1.0,0.7,0.0,0.3,0.0,0.3,0.5
65,Devin Booker,SG,21.0,54.0,54.0,34.5,8.4,19.5,2.7,7.1,5.7,12.4,5.4,6.1,0.5,4.0,4.7,0.9,0.3,3.6,3.1
66,Trevor Booker,PF,30.0,68.0,7.0,17.0,2.6,5.0,0.1,0.5,2.5,4.6,1.0,1.4,1.7,3.0,1.2,0.4,0.3,0.9,1.8
70,Chris Boucher,PF,25.0,1.0,0.0,1.0,0.0,1.0,0.0,1.0,0.0,0.0,0.0,0.0,0.0,1.0,0.0,0.0,0.0,0.0,0.0
71,Avery Bradley,SG,27.0,46.0,46.0,31.2,5.6,13.6,1.6,4.4,4.0,9.2,1.4,1.8,0.5,2.0,2.0,1.1,0.2,2.2,2.0
74,Tony Bradley,C,20.0,9.0,0.0,3.2,0.3,1.2,0.0,0.1,0.3,1.1,0.2,0.2,0.4,0.8,0.1,0.0,0.0,0.0,0.1
75,Corey Brewer,SF,31.0,72.0,18.0,16.8,2.0,4.4,0.4,1.5,1.5,2.9,0.9,1.3,0.6,1.5,0.9,1.1,0.2,0.7,1.9
78,Malcolm Brogdon,PG,25.0,48.0,20.0,29.9,5.1,10.5,1.3,3.4,3.8,7.1,1.6,1.8,0.5,2.8,3.2,0.9,0.3,1.4,2.7
79,Aaron Brooks,PG,33.0,32.0,1.0,5.9,0.9,2.2,0.3,1.0,0.5,1.2,0.3,0.3,0.2,0.3,0.6,0.2,0.0,0.3,0.9
80,Dillon Brooks,SF,22.0,82.0,74.0,28.7,4.1,9.4,1.1,3.2,3.0,6.2,1.5,2.0,0.6,2.5,1.6,0.9,0.2,1.5,2.8
81,MarShon Brooks,SG,29.0,7.0,1.0,27.6,7.3,14.6,2.7,4.6,4.6,10.0,2.9,3.3,1.1,1.9,3.6,1.6,0.4,2.3,0.9
82,Anthony Brown,SF,25.0,1.0,0.0,4.0,1.0,1.0,1.0,1.0,0.0,0.0,0.0,0.0,0.0,0.0,1.0,0.0,0.0,0.0,0.0
83,Bobby Brown,PG,33.0,20.0,0.0,5.8,1.0,2.9,0.6,2.0,0.4,0.9,0.1,0.1,0.0,0.4,0.6,0.2,0.0,0.5,0.3
84,Jaylen Brown,SG,21.0,70.0,70.0,30.7,5.3,11.5,1.7,4.4,3.6,7.1,2.1,3.3,0.9,4.0,1.6,1.0,0.4,1.8,2.6
85,Lorenzo Brown,PG,27.0,14.0,0.0,9.9,1.0,2.4,0.1,0.9,0.9,1.6,0.1,0.1,0.1,1.0,0.9,0.4,0.0,0.2,0.5
86,Markel Brown,SG,26.0,4.0,0.0,7.8,0.5,1.8,0.3,1.3,0.3,0.5,0.0,0.0,0.3,1.0,0.5,0.0,0.0,0.5,1.5
87,Sterling Brown,SG,22.0,54.0,4.0,14.4,1.5,3.8,0.6,1.7,0.9,2.1,0.4,0.4,0.5,2.1,0.5,0.6,0.2,0.5,1.5
88,Nicolas Brussino,SF,24.0,4.0,0.0,2.5,0.0,0.5,0.0,0.5,0.0,0.0,0.0,0.0,0.0,0.8,0.0,0.0,0.0,0.0,0.0
89,Thomas Bryant,C,20.0,15.0,0.0,4.8,0.5,1.4,0.1,0.7,0.5,0.7,0.3,0.6,0.2,0.9,0.4,0.1,0.1,0.1,0.4
90,Reggie Bullock,SF,26.0,62.0,52.0,27.9,4.3,8.8,2.0,4.5,2.3,4.3,0.6,0.8,0.4,2.0,1.5,0.8,0.2,0.8,1.1
91,Trey Burke,PG,25.0,36.0,9.0,21.8,5.4,10.7,1.1,2.9,4.3,7.8,1.0,1.6,0.4,1.6,4.7,0.7,0.1,1.2,1.2
92,Alec Burks,SG,26.0,64.0,1.0,16.5,2.7,6.5,0.7,2.2,1.9,4.3,1.7,1.9,0.3,2.7,1.0,0.6,0.1,0.9,1.2
93,Jimmy Butler,SG,28.0,59.0,59.0,36.7,7.4,15.6,1.2,3.4,6.2,12.2,6.2,7.2,1.3,4.0,4.9,2.0,0.4,1.8,1.3
94,Dwight Buycks,PG,28.0,29.0,0.0,14.7,2.8,6.8,0.5,1.6,2.3,5.3,1.2,1.4,0.4,1.0,2.0,0.7,0.1,1.3,1.3
95,Bruno Caboclo,SF,22.0,12.0,0.0,8.9,0.8,2.6,0.3,1.4,0.5,1.2,0.4,0.5,0.6,1.3,0.4,0.3,0.3,0.3,0.7
98,Jose Calderon,PG,36.0,57.0,32.0,16.0,1.6,3.2,0.8,1.7,0.8,1.5,0.4,0.5,0.2,1.2,2.1,0.5,0.0,0.7,1.4
99,Kentavious Caldwell-Pope,SG,24.0,74.0,74.0,33.2,4.6,10.8,2.1,5.6,2.4,5.2,2.1,2.6,0.8,4.4,2.2,1.4,0.2,1.3,2.0
100,Isaiah Canaan,PG,26.0,20.0,1.0,21.1,2.6,6.9,1.1,3.3,1.5,3.6,2.3,2.6,0.3,2.0,3.8,0.8,0.1,1.5,1.8
103,Clint Capela,C,23.0,74.0,74.0,27.5,6.0,9.1,0.0,0.0,6.0,9.1,1.9,3.5,3.3,7.6,0.9,0.8,1.9,1.4,2.5
104,DeMarre Carroll,SF,31.0,73.0,73.0,29.9,4.5,10.8,2.0,5.4,2.5,5.4,2.6,3.4,1.4,5.1,2.0,0.8,0.4,1.4,2.3
105,Vince Carter,SF,41.0,58.0,5.0,17.7,2.0,4.9,1.0,2.8,1.0,2.0,0.5,0.6,0.3,2.2,1.2,0.7,0.4,0.6,1.7
106,Michael Carter-Williams,PG,26.0,52.0,2.0,16.1,1.5,4.4,0.3,1.1,1.2,3.3,1.4,1.7,0.7,1.9,2.2,0.8,0.4,1.0,1.9
107,Alex Caruso,PG,23.0,37.0,7.0,15.2,1.4,3.1,0.4,1.2,1.0,2.0,0.6,0.8,0.4,1.4,2.0,0.6,0.3,1.1,1.4
108,Omri Casspi,SF,29.0,53.0,7.0,14.0,2.3,3.9,0.2,0.4,2.1,3.5,0.9,1.3,0.6,3.2,1.0,0.3,0.4,0.7,1.3
109,Willie Cauley-Stein,C,24.0,73.0,58.0,28.0,5.3,10.6,0.0,0.2,5.3,10.4,2.1,3.4,1.8,5.2,2.4,1.1,0.9,1.5,2.5
110,Tyler Cavanaugh,PF,23.0,39.0,1.0,13.3,1.7,3.9,0.8,2.3,0.9,1.6,0.4,0.5,1.2,2.1,0.7,0.2,0.1,0.4,1.6
111,Mario Chalmers,PG,31.0,66.0,10.0,21.5,2.5,6.7,0.8,2.9,1.7,3.8,1.8,2.1,0.2,2.2,3.0,1.2,0.2,1.8,2.7
112,Tyson Chandler,C,35.0,46.0,46.0,25.0,2.6,4.1,0.0,0.0,2.6,4.1,1.3,2.0,2.9,6.2,1.2,0.3,0.6,1.3,2.3
113,Wilson Chandler,SF,30.0,74.0,71.0,31.7,3.8,8.5,1.2,3.3,2.6,5.2,1.2,1.5,1.4,4.0,2.2,0.6,0.5,1.2,2.1
114,Marquese Chriss,PF,20.0,72.0,49.0,21.2,2.8,6.6,0.8,2.6,2.0,4.0,1.3,2.2,1.1,4.4,1.2,0.7,1.0,1.5,2.8
115,Ian Clark,SG,26.0,74.0,2.0,19.7,3.0,6.7,0.8,2.6,2.2,4.1,0.6,0.8,0.1,1.6,1.5,0.4,0.1,0.8,1.6
116,Jordan Clarkson,SG,25.0,81.0,2.0,23.3,5.3,11.8,1.4,3.9,3.9,7.9,1.9,2.3,0.7,2.0,2.7,0.7,0.1,1.6,1.3
119,Gian Clavell,SG,24.0,7.0,0.0,9.1,0.9,2.6,0.9,2.1,0.0,0.4,0.3,0.3,0.1,0.9,0.4,0.3,0.0,0.3,1.1
120,Antonius Cleveland,SG,23.0,17.0,0.0,7.2,0.5,1.2,0.2,0.2,0.3,1.0,0.2,0.4,0.2,0.6,0.1,0.4,0.3,0.4,1.4
123,John Collins,PF,20.0,74.0,26.0,24.1,4.2,7.4,0.2,0.6,4.0,6.7,1.8,2.5,2.4,4.9,1.3,0.6,1.1,1.4,2.9
124,Zach Collins,C,20.0,66.0,1.0,15.8,1.7,4.4,0.5,1.7,1.2,2.7,0.4,0.6,0.7,2.7,0.8,0.3,0.5,0.9,2.0
125,Kyle Collinsworth,SF,26.0,32.0,2.0,15.0,1.2,3.1,0.1,0.5,1.1,2.6,0.7,1.3,1.0,2.3,1.8,0.5,0.3,0.8,1.4
126,Darren Collison,PG,30.0,69.0,64.0,29.2,4.6,9.2,1.4,3.0,3.2,6.3,1.8,2.1,0.5,2.0,5.3,1.3,0.2,1.2,1.8
127,Nick Collison,PF,37.0,15.0,0.0,5.0,0.9,1.3,0.0,0.0,0.9,1.3,0.3,0.9,0.5,0.9,0.3,0.0,0.0,0.5,0.5
128,Mike Conley,PG,30.0,12.0,12.0,31.1,5.3,14.0,2.0,6.4,3.3,7.6,4.4,5.5,0.0,2.3,4.1,1.0,0.3,1.5,2.0
129,Pat Connaughton,SG,25.0,82.0,5.0,18.1,2.0,4.8,0.9,2.6,1.1,2.2,0.5,0.5,0.4,1.5,1.1,0.3,0.3,0.5,1.5
130,Quinn Cook,PG,24.0,33.0,18.0,22.4,3.7,7.6,1.4,3.2,2.3,4.5,0.7,0.8,0.3,2.2,2.7,0.4,0.0,1.0,1.8
131,Charles Cooke,SG,23.0,13.0,0.0,2.9,0.2,1.1,0.1,0.6,0.1,0.5,0.1,0.2,0.0,0.2,0.1,0.1,0.0,0.1,0.0
132,Jack Cooley,PF,26.0,7.0,0.0,12.4,1.9,3.9,0.0,0.0,1.9,3.9,2.0,2.7,2.0,2.3,0.9,0.1,0.0,0.4,1.9
133,Matt Costello,C,24.0,4.0,0.0,8.0,0.5,1.0,0.0,0.0,0.5,1.0,0.0,0.0,0.3,2.0,0.5,0.5,0.5,0.3,1.8
134,DeMarcus Cousins,C,27.0,48.0,48.0,36.2,8.5,18.0,2.2,6.1,6.3,11.9,6.1,8.2,2.2,10.7,5.4,1.6,1.6,5.0,3.8
135,Robert Covington,SF,27.0,80.0,80.0,31.7,4.3,10.5,2.5,6.9,1.8,3.6,1.5,1.7,0.7,4.7,2.0,1.7,0.9,1.6,3.0
136,Allen Crabbe,SG,25.0,75.0,68.0,29.3,4.5,11.0,2.7,7.1,1.8,3.9,1.5,1.8,0.4,3.9,1.6,0.6,0.5,1.0,2.2
137,Torrey Craig,SF,27.0,39.0,5.0,16.1,1.6,3.5,0.4,1.5,1.2,2.0,0.6,0.9,1.0,2.2,0.6,0.3,0.4,0.5,1.6
138,Jamal Crawford,SG,37.0,80.0,0.0,20.7,3.9,9.3,1.3,3.9,2.6,5.4,1.3,1.4,0.3,1.0,2.3,0.5,0.1,1.2,1.1
139,Jordan Crawford,SG,29.0,5.0,0.0,10.6,2.4,5.4,1.6,2.8,0.8,2.6,0.2,0.2,0.4,0.4,2.6,0.2,0.2,1.0,1.4
140,Jae Crowder,SF,27.0,80.0,47.0,26.1,3.4,8.4,1.4,4.3,2.0,4.1,1.5,1.9,0.7,2.7,1.2,0.8,0.3,0.9,2.3
143,Dante Cunningham,SF,30.0,73.0,25.0,21.4,2.2,5.0,0.8,2.3,1.5,2.7,0.4,0.7,1.1,3.0,0.7,0.5,0.4,0.5,1.5
146,Stephen Curry,PG,29.0,51.0,51.0,32.0,8.4,16.9,4.2,9.8,4.2,7.1,5.5,5.9,0.7,4.4,6.1,1.6,0.2,3.0,2.2
147,Troy Daniels,SG,26.0,79.0,15.0,20.5,2.9,7.3,2.3,5.8,0.6,1.5,0.7,0.8,0.2,1.5,0.6,0.3,0.1,0.7,1.7
148,Anthony Davis,PF,24.0,75.0,75.0,36.4,10.4,19.5,0.7,2.2,9.7,17.3,6.6,8.0,2.5,8.6,2.3,1.5,2.6,2.2,2.1
149,Deyonta Davis,C,21.0,62.0,6.0,15.2,2.6,4.3,0.0,0.0,2.6,4.3,0.6,0.9,1.2,2.8,0.6,0.2,0.6,0.5,2.0
150,Ed Davis,C,28.0,78.0,0.0,18.9,2.2,3.7,0.0,0.0,2.2,3.7,0.9,1.4,2.3,5.0,0.5,0.4,0.7,0.8,2.4
151,Dewayne Dedmon,C,28.0,62.0,46.0,24.9,4.0,7.7,0.8,2.3,3.2,5.4,1.1,1.4,1.6,6.3,1.5,0.6,0.8,1.4,2.6
152,Sam Dekker,PF,23.0,73.0,1.0,12.1,1.8,3.5,0.1,0.8,1.6,2.7,0.5,0.8,0.6,1.8,0.5,0.3,0.1,0.5,1.0
153,Malcolm Delaney,PG,28.0,54.0,3.0,18.8,2.0,5.3,0.9,2.3,1.2,3.0,1.4,1.7,0.2,1.7,3.0,0.6,0.1,1.2,1.5
154,Matthew Dellavedova,PG,27.0,38.0,3.0,18.7,1.4,4.0,0.8,2.1,0.7,1.9,0.7,0.7,0.4,1.3,3.8,0.4,0.0,1.3,1.8
155,Luol Deng,SF,32.0,1.0,1.0,13.0,1.0,2.0,0.0,0.0,1.0,2.0,0.0,0.0,0.0,0.0,1.0,1.0,0.0,1.0,0.0
156,DeMar DeRozan,SG,28.0,80.0,80.0,33.9,8.1,17.7,1.1,3.6,7.0,14.1,5.8,7.0,0.7,3.2,5.2,1.1,0.3,2.2,1.9
157,Cheick Diallo,PF,21.0,52.0,0.0,11.2,2.0,3.4,0.0,0.0,2.0,3.4,1.0,1.3,0.9,3.2,0.4,0.2,0.4,0.5,1.6
158,Gorgui Dieng,C,28.0,79.0,0.0,16.9,2.4,4.9,0.2,0.8,2.1,4.1,1.0,1.3,1.3,3.2,0.9,0.6,0.5,0.7,1.9
159,Spencer Dinwiddie,PG,24.0,80.0,58.0,28.8,4.1,10.5,1.8,5.4,2.3,5.1,2.7,3.4,0.5,2.7,6.6,0.9,0.3,1.6,2.3
160,Tyler Dorsey,SG,21.0,56.0,5.0,17.4,2.6,6.8,1.3,3.6,1.3,3.3,0.8,1.1,0.3,2.0,1.4,0.3,0.1,0.7,1.1
161,Damyean Dotson,SG,23.0,44.0,2.0,10.8,1.6,3.7,0.5,1.5,1.1,2.1,0.4,0.5,0.2,1.7,0.7,0.3,0.0,0.4,0.8
162,Milton Doyle,SG,24.0,10.0,0.0,12.5,1.3,4.7,0.4,2.3,0.9,2.4,0.4,0.8,0.3,1.5,1.0,0.6,0.2,0.2,1.3
163,PJ Dozier,PG,21.0,2.0,0.0,1.5,0.5,1.0,0.0,0.0,0.5,1.0,0.0,0.0,0.0,0.5,0.0,0.0,0.0,0.5,0.5
164,Goran Dragic,PG,31.0,75.0,75.0,31.7,6.5,14.3,1.5,4.0,5.0,10.3,2.9,3.6,0.7,3.4,4.8,0.8,0.2,2.2,2.4
165,Larry Drew,PG,27.0,10.0,0.0,7.0,0.7,2.4,0.3,0.9,0.4,1.5,0.0,0.0,0.3,0.0,1.0,0.0,0.0,0.3,0.6
168,Andre Drummond,C,24.0,78.0,78.0,33.7,6.0,11.3,0.0,0.1,6.0,11.2,3.1,5.1,5.1,10.9,3.0,1.5,1.6,2.6,3.2
169,Jared Dudley,PF,32.0,48.0,0.0,14.3,1.0,2.5,0.6,1.7,0.4,0.9,0.6,0.7,0.2,1.8,1.6,0.5,0.2,0.6,1.8
170,Kris Dunn,PG,23.0,52.0,43.0,29.3,5.5,12.8,0.8,2.6,4.7,10.2,1.6,2.2,0.5,3.8,6.0,2.0,0.5,2.9,3.4
171,Kevin Durant,PF,29.0,68.0,68.0,34.2,9.3,18.0,2.5,6.1,6.7,11.9,5.3,5.9,0.5,6.4,5.4,0.7,1.8,3.0,2.0
172,Jarell Eddie,SF,26.0,3.0,0.0,3.0,0.0,0.7,0.0,0.7,0.0,0.0,0.0,0.0,0.0,0.3,0.0,0.3,0.0,0.0,0.0
175,Henry Ellenson,PF,21.0,38.0,0.0,8.7,1.4,3.8,0.5,1.6,0.9,2.3,0.7,0.8,0.3,1.9,0.5,0.1,0.0,0.5,0.6
176,Wayne Ellington,SG,30.0,77.0,2.0,26.5,3.7,9.1,2.9,7.5,0.8,1.6,0.9,1.0,0.3,2.5,1.0,0.7,0.1,0.7,1.2
177,Joel Embiid,C,23.0,63.0,63.0,30.3,8.1,16.8,1.0,3.4,7.0,13.4,5.7,7.4,2.3,8.7,3.2,0.6,1.8,3.7,3.3
178,James Ennis,SF,27.0,72.0,22.0,22.3,2.5,5.3,0.7,2.1,1.8,3.2,1.3,1.6,1.0,2.1,1.0,0.7,0.3,0.8,1.9
181,Tyler Ennis,PG,23.0,54.0,11.0,12.6,1.7,4.1,0.3,1.0,1.5,3.1,0.4,0.5,0.4,1.4,1.9,0.6,0.2,0.7,1.4
182,Jawun Evans,PG,21.0,48.0,4.0,16.2,1.9,5.3,0.3,1.1,1.5,4.1,0.8,1.0,0.2,1.6,2.1,0.8,0.1,0.9,2.0
183,Jeremy Evans,SF,30.0,1.0,0.0,5.0,1.0,1.0,0.0,0.0,1.0,1.0,0.0,0.0,1.0,0.0,0.0,0.0,0.0,1.0,1.0
184,Tyreke Evans,PG,28.0,52.0,32.0,30.9,7.0,15.6,2.2,5.5,4.8,10.1,3.2,4.0,0.8,4.3,5.2,1.1,0.3,2.3,1.8
185,Dante Exum,PG,22.0,14.0,0.0,16.8,3.0,6.2,0.4,1.3,2.6,4.9,1.8,2.2,0.3,1.6,3.1,0.6,0.2,1.4,1.4
186,Kenneth Faried,PF,28.0,32.0,7.0,14.4,2.4,4.6,0.0,0.0,2.4,4.6,1.1,1.6,2.1,2.7,0.6,0.4,0.4,0.7,1.6
187,Derrick Favors,C,26.0,77.0,77.0,28.0,5.1,9.1,0.2,0.8,4.9,8.3,1.8,2.8,2.6,4.6,1.3,0.7,1.1,1.1,2.1
188,Kay Felder,PG,22.0,16.0,0.0,8.8,1.3,4.4,0.3,1.2,1.1,3.2,0.7,0.8,0.2,0.9,1.3,0.2,0.1,1.0,0.7
191,Cristiano Felicio,C,25.0,55.0,16.0,17.8,2.3,3.9,0.0,0.0,2.3,3.9,1.0,1.5,1.5,2.7,1.0,0.3,0.2,1.0,1.9
192,Raymond Felton,PG,33.0,82.0,2.0,16.6,2.7,6.7,1.0,2.8,1.7,3.9,0.4,0.5,0.3,1.6,2.5,0.6,0.2,0.9,1.1
193,Terrance Ferguson,SG,19.0,61.0,12.0,12.5,1.1,2.8,0.7,2.0,0.5,0.8,0.1,0.2,0.3,0.5,0.3,0.4,0.2,0.2,1.4
194,Yogi Ferrell,SG,24.0,82.0,21.0,27.8,3.8,8.9,1.6,4.4,2.2,4.5,1.0,1.3,0.3,2.7,2.5,0.8,0.1,1.0,1.9
195,Dorian Finney-Smith,PF,24.0,21.0,13.0,21.3,2.2,5.8,1.0,3.2,1.2,2.6,0.5,0.7,1.0,2.5,1.2,0.5,0.2,1.0,2.0
196,Bryn Forbes,SG,24.0,80.0,12.0,19.0,2.6,6.2,1.1,2.9,1.5,3.4,0.6,0.9,0.2,1.2,1.0,0.4,0.0,0.5,1.4
197,Evan Fournier,SF,25.0,57.0,57.0,32.2,6.5,14.1,2.2,5.9,4.2,8.2,2.6,3.0,0.4,2.8,2.9,0.8,0.3,1.7,2.4
198,De'Aaron Fox,PG,20.0,73.0,60.0,27.8,4.5,10.9,0.6,2.1,3.8,8.8,1.9,2.7,0.5,2.3,4.4,1.0,0.3,2.4,2.2
199,Tim Frazier,PG,27.0,59.0,11.0,14.2,1.2,2.9,0.3,0.9,0.9,2.0,0.4,0.5,0.3,1.6,3.3,0.8,0.1,1.0,1.6
200,Channing Frye,C,34.0,53.0,1.0,13.1,2.0,4.0,0.7,2.2,1.2,1.8,0.3,0.4,0.2,2.3,0.7,0.3,0.2,0.4,1.3
203,Markelle Fultz,SG,19.0,14.0,0.0,18.1,3.2,7.9,0.0,0.1,3.2,7.9,0.7,1.5,0.8,2.3,3.8,0.9,0.3,1.2,1.6
204,Danilo Gallinari,SF,29.0,21.0,21.0,32.0,4.9,12.2,1.7,5.3,3.1,6.9,3.9,4.1,0.4,4.4,2.0,0.6,0.5,1.2,1.4
205,Langston Galloway,SG,26.0,58.0,2.0,14.9,2.2,5.9,1.3,3.8,0.9,2.1,0.6,0.7,0.2,1.4,1.0,0.6,0.1,0.3,0.7
206,Marc Gasol,C,33.0,73.0,73.0,33.0,5.9,14.2,1.5,4.4,4.5,9.8,3.8,4.6,1.1,7.0,4.2,0.7,1.4,2.7,2.5
207,Pau Gasol,C,37.0,77.0,63.0,23.5,3.7,8.1,0.6,1.6,3.2,6.6,2.1,2.7,1.7,6.4,3.1,0.3,1.0,1.4,1.6
208,Rudy Gay,PF,31.0,57.0,6.0,21.6,4.4,9.4,0.6,2.1,3.8,7.4,2.0,2.5,1.3,3.8,1.3,0.8,0.7,1.4,1.7
209,Paul George,SF,27.0,79.0,79.0,36.6,7.3,16.9,3.1,7.7,4.2,9.3,4.3,5.2,0.9,4.7,3.3,2.0,0.5,2.7,2.9
210,Marcus Georges-Hunt,SG,23.0,42.0,0.0,5.3,0.5,1.1,0.1,0.4,0.4,0.8,0.3,0.5,0.2,0.2,0.2,0.1,0.0,0.1,0.8
211,Jonathan Gibson,PG,30.0,4.0,0.0,10.0,3.5,5.8,1.5,3.0,2.0,2.8,0.0,0.0,0.0,0.8,1.0,0.0,0.0,0.8,1.3
212,Taj Gibson,PF,32.0,82.0,82.0,33.2,5.2,9.0,0.1,0.4,5.1,8.6,1.7,2.3,2.4,4.8,1.2,0.8,0.7,1.1,2.7
213,Manu Ginobili,SG,40.0,65.0,0.0,20.0,3.1,7.1,1.0,3.0,2.1,4.2,1.7,2.0,0.3,1.9,2.5,0.7,0.2,1.6,1.9
214,Rudy Gobert,C,25.0,56.0,56.0,32.4,4.9,7.9,0.0,0.0,4.9,7.9,3.6,5.3,2.9,7.8,1.4,0.8,2.3,1.9,2.7
215,Aaron Gordon,PF,22.0,58.0,57.0,32.9,6.5,14.9,2.0,5.9,4.5,9.0,2.7,3.9,1.5,6.4,2.3,1.0,0.8,1.8,1.9
216,Eric Gordon,SG,29.0,69.0,30.0,31.2,6.0,14.1,3.2,8.8,2.9,5.2,2.8,3.5,0.4,2.1,2.2,0.6,0.4,1.9,1.7
217,Marcin Gortat,C,33.0,82.0,82.0,25.3,3.5,6.8,0.0,0.0,3.5,6.8,1.3,2.0,2.2,5.4,1.8,0.5,0.7,1.2,2.1
218,Treveon Graham,SG,24.0,63.0,2.0,16.7,1.5,3.5,0.6,1.5,0.9,2.0,0.7,0.9,0.7,1.3,0.9,0.5,0.0,0.4,1.7
219,Jerami Grant,PF,23.0,81.0,1.0,20.3,3.0,5.6,0.4,1.4,2.6,4.3,2.0,3.0,1.1,2.9,0.7,0.4,1.0,0.7,1.9
220,Jerian Grant,PG,25.0,74.0,26.0,22.8,2.8,6.8,0.8,2.5,2.0,4.3,1.9,2.5,0.4,1.9,4.6,0.9,0.1,1.2,1.8
221,Josh Gray,PG,24.0,5.0,0.0,17.2,2.2,8.2,0.6,2.6,1.6,5.6,1.4,2.2,0.4,1.6,2.4,1.6,0.4,1.4,1.6
222,Danny Green,SG,30.0,70.0,60.0,25.6,3.1,8.0,1.7,4.6,1.4,3.4,0.7,0.9,0.6,3.0,1.6,0.9,1.1,1.1,1.7
223,Draymond Green,PF,27.0,70.0,70.0,32.7,4.0,8.8,1.1,3.7,2.9,5.2,1.9,2.5,1.1,6.6,7.3,1.4,1.3,2.9,2.6
224,Gerald Green,SG,32.0,41.0,2.0,22.7,4.1,10.1,2.7,7.3,1.4,2.8,1.2,1.5,0.4,2.9,0.6,0.6,0.4,0.8,2.1
225,JaMychal Green,PF,27.0,55.0,54.0,28.0,4.1,8.9,0.8,2.3,3.3,6.6,1.5,2.0,2.7,5.8,1.4,0.6,0.5,1.4,2.8
226,Jeff Green,PF,31.0,78.0,13.0,23.4,3.8,7.9,0.7,2.2,3.1,5.7,2.6,3.0,0.8,2.4,1.3,0.5,0.4,1.0,1.9
227,Blake Griffin,PF,28.0,58.0,58.0,34.0,7.5,17.2,1.9,5.6,5.6,11.6,4.5,5.7,1.3,6.1,5.8,0.7,0.3,2.8,2.4
230,Daniel Hamilton,SG,22.0,6.0,0.0,4.7,0.8,1.8,0.3,0.8,0.5,1.0,0.0,0.0,0.0,0.8,1.3,0.2,0.0,0.3,0.3
231,Tim Hardaway,SG,25.0,57.0,54.0,33.1,6.3,15.0,2.3,7.2,4.0,7.8,2.6,3.1,0.6,3.4,2.7,1.1,0.2,1.6,2.2
232,James Harden,SG,28.0,72.0,72.0,35.4,9.0,20.1,3.7,10.0,5.4,10.1,8.7,10.1,0.6,4.8,8.8,1.8,0.7,4.4,2.3
233,Maurice Harkless,SF,24.0,59.0,36.0,21.4,2.5,5.0,0.8,2.0,1.7,3.0,0.7,1.0,0.8,2.0,0.9,0.8,0.7,0.7,1.7
234,Montrezl Harrell,C,24.0,76.0,3.0,17.0,4.6,7.2,0.0,0.1,4.6,7.1,1.8,2.9,1.4,2.7,1.0,0.5,0.7,0.9,1.9
235,Devin Harris,PG,34.0,71.0,1.0,18.9,2.6,6.4,1.1,3.2,1.5,3.2,2.0,2.4,0.2,1.6,2.1,0.7,0.2,1.1,2.2
238,Gary Harris,SG,23.0,67.0,65.0,34.4,6.6,13.6,2.3,5.9,4.2,7.7,2.0,2.4,0.6,2.1,2.9,1.8,0.2,1.8,1.8
239,Joe Harris,SG,26.0,78.0,14.0,25.3,3.9,8.0,1.9,4.6,2.0,3.4,1.1,1.3,0.7,2.7,1.6,0.4,0.3,1.2,2.0
240,Tobias Harris,PF,25.0,80.0,80.0,33.4,7.0,15.3,2.3,5.6,4.7,9.7,2.2,2.7,0.7,4.7,2.4,0.9,0.4,1.3,2.1
243,Aaron Harrison,SG,23.0,9.0,3.0,25.9,2.1,7.7,1.0,4.8,1.1,2.9,1.4,1.9,0.4,2.2,1.2,1.0,0.2,0.3,3.0
244,Andrew Harrison,PG,23.0,56.0,46.0,23.7,3.2,7.7,0.8,2.5,2.4,5.1,2.2,2.8,0.4,1.9,3.2,0.7,0.5,1.4,2.5
245,Shaquille Harrison,PG,24.0,23.0,2.0,16.7,2.6,5.4,0.3,1.1,2.3,4.3,1.2,1.7,0.4,2.3,2.4,1.1,0.3,1.0,1.8
246,Josh Hart,SG,22.0,63.0,23.0,23.2,2.8,6.0,1.2,3.1,1.6,2.8,1.0,1.5,0.7,3.5,1.3,0.7,0.3,0.7,1.7
247,Udonis Haslem,C,37.0,14.0,0.0,5.1,0.2,1.1,0.1,0.6,0.1,0.5,0.1,0.1,0.2,0.5,0.4,0.0,0.1,0.1,0.2
248,Nigel Hayes,SF,23.0,9.0,0.0,13.6,1.2,3.7,0.4,1.8,0.8,1.9,0.1,0.3,0.4,2.0,0.7,0.2,0.3,0.2,0.9
252,Gordon Hayward,SF,27.0,1.0,1.0,5.0,1.0,2.0,0.0,1.0,1.0,1.0,0.0,0.0,0.0,1.0,0.0,0.0,0.0,0.0,1.0
253,Reggie Hearn,SG,26.0,3.0,0.0,2.3,0.3,0.7,0.3,0.7,0.0,0.0,0.0,0.0,0.0,0.0,0.0,0.0,0.0,0.0,0.0
254,Myke Henry,SF,25.0,20.0,0.0,18.9,2.1,5.5,1.0,2.9,1.1,2.6,0.3,0.5,0.5,1.4,1.1,1.6,0.3,1.0,1.4
255,John Henson,C,27.0,76.0,69.0,25.9,3.8,6.6,0.0,0.1,3.8,6.5,1.2,2.1,2.0,4.8,1.5,0.6,1.4,1.1,2.7
256,Juan Hernangomez,PF,22.0,25.0,3.0,11.1,1.2,3.0,0.6,2.0,0.6,1.0,0.4,0.5,0.7,1.4,0.5,0.2,0.1,0.4,1.0
257,Willy Hernangomez,C,23.0,48.0,1.0,10.3,1.9,3.4,0.1,0.3,1.8,3.2,1.2,1.9,1.3,2.5,0.7,0.4,0.3,0.7,1.3
260,Mario Hezonja,SF,22.0,75.0,30.0,22.1,3.6,8.2,1.2,3.6,2.4,4.7,1.1,1.4,0.5,3.2,1.4,1.1,0.4,1.1,1.8
261,Isaiah Hicks,PF,23.0,18.0,0.0,13.3,1.8,4.0,0.1,0.5,1.7,3.5,0.7,1.0,0.6,1.7,0.9,0.1,0.2,0.9,2.5
262,Buddy Hield,SG,24.0,80.0,12.0,25.3,5.2,11.7,2.2,5.1,3.0,6.6,0.9,1.0,0.7,3.2,1.9,1.1,0.3,1.6,1.9
263,Nene Hilario,C,35.0,52.0,4.0,14.6,2.6,4.6,0.0,0.0,2.6,4.6,1.3,2.1,1.0,2.3,0.9,0.5,0.3,0.7,2.4
264,George Hill,PG,31.0,67.0,60.0,27.0,3.5,7.7,1.3,3.1,2.3,4.6,1.6,2.1,0.6,2.1,2.8,0.9,0.4,1.3,1.9
267,Solomon Hill,SF,26.0,12.0,1.0,15.6,0.9,3.4,0.3,1.8,0.6,1.7,0.3,0.5,0.8,2.3,1.8,0.6,0.1,0.8,1.8
268,Darrun Hilliard,SG,24.0,14.0,0.0,6.8,0.4,1.4,0.0,0.4,0.4,0.9,0.4,0.5,0.0,0.5,0.8,0.1,0.0,0.3,0.5
269,Jrue Holiday,SG,27.0,81.0,81.0,36.1,7.6,15.4,1.5,4.4,6.1,11.0,2.3,2.9,0.8,3.7,6.0,1.5,0.8,2.6,2.5
270,Justin Holiday,SG,28.0,72.0,72.0,31.5,4.0,10.9,2.2,6.2,1.8,4.6,1.9,2.3,0.4,3.6,2.1,1.1,0.4,1.3,1.9
271,John Holland,SF,29.0,24.0,0.0,7.3,0.7,2.5,0.5,1.5,0.3,1.0,0.4,0.5,0.3,0.8,0.2,0.3,0.1,0.3,0.4
272,Rondae Hollis-Jefferson,SF,23.0,68.0,59.0,28.2,5.0,10.6,0.2,0.8,4.8,9.9,3.7,4.6,1.5,5.3,2.5,1.0,0.7,1.8,2.1
273,Richaun Holmes,C,24.0,48.0,2.0,15.5,2.8,5.0,0.1,0.6,2.7,4.4,0.8,1.2,1.2,3.2,1.3,0.4,0.6,0.5,2.0
274,Rodney Hood,SG,25.0,60.0,23.0,26.9,5.4,12.5,2.1,5.6,3.3,7.0,1.9,2.2,0.4,2.4,1.6,0.8,0.2,1.2,1.8
277,Scotty Hopson,SG,28.0,1.0,0.0,8.0,0.0,1.0,0.0,0.0,0.0,1.0,1.0,2.0,0.0,0.0,1.0,0.0,0.0,1.0,0.0
278,Al Horford,C,31.0,72.0,72.0,31.6,5.1,10.5,1.3,3.1,3.8,7.3,1.3,1.7,1.4,5.9,4.7,0.6,1.1,1.8,1.9
279,Danuel House,SG,24.0,23.0,3.0,17.5,2.4,5.6,0.7,2.5,1.8,3.1,1.1,1.3,0.6,2.7,1.1,0.3,0.3,0.5,1.0
280,Dwight Howard,C,32.0,81.0,81.0,30.4,6.2,11.2,0.0,0.1,6.2,11.2,4.1,7.2,3.1,9.3,1.3,0.6,1.6,2.6,3.1
281,Josh Huestis,PF,26.0,69.0,10.0,14.2,0.9,2.6,0.5,1.7,0.4,1.0,0.1,0.3,0.6,1.7,0.3,0.2,0.6,0.4,1.2
282,R.J. Hunter,SG,24.0,5.0,1.0,9.0,1.4,4.0,0.6,2.8,0.8,1.2,0.4,0.4,0.0,1.0,0.6,0.6,0.0,0.4,1.4
283,Vince Hunter,PF,23.0,4.0,0.0,1.8,0.8,1.3,0.0,0.0,0.8,1.3,0.0,0.0,0.5,0.3,0.0,0.0,0.3,0.3,0.0
284,Serge Ibaka,PF,28.0,76.0,76.0,27.5,5.0,10.3,1.4,3.9,3.6,6.4,1.2,1.6,1.0,5.3,0.8,0.4,1.3,1.2,2.8
285,Andre Iguodala,SF,34.0,64.0,7.0,25.3,2.3,5.0,0.5,1.8,1.8,3.2,0.9,1.4,0.8,3.1,3.3,0.8,0.6,1.0,1.5
286,Ersan Ilyasova,PF,30.0,69.0,43.0,25.1,4.0,8.9,1.3,3.7,2.7,5.2,1.5,2.0,1.7,4.2,1.3,0.9,0.4,1.0,2.3
289,Joe Ingles,SF,30.0,82.0,81.0,31.4,4.1,8.8,2.5,5.7,1.6,3.1,0.8,1.0,0.3,3.9,4.8,1.1,0.2,1.9,2.2
290,Andre Ingram,SG,32.0,2.0,0.0,32.0,4.0,8.5,2.5,4.5,1.5,4.0,1.5,1.5,0.5,2.5,3.5,1.5,1.5,1.5,1.5
291,Brandon Ingram,SF,20.0,59.0,59.0,33.5,6.1,12.9,0.7,1.8,5.4,11.1,3.3,4.8,1.0,4.4,3.9,0.8,0.7,2.5,2.8
292,Kyrie Irving,PG,25.0,60.0,60.0,32.2,8.9,18.1,2.8,6.8,6.1,11.3,3.9,4.4,0.6,3.2,5.1,1.1,0.3,2.3,2.0
293,Jonathan Isaac,PF,20.0,27.0,10.0,19.9,2.0,5.4,0.6,1.7,1.4,3.7,0.7,0.9,0.6,3.1,0.7,1.2,1.1,1.0,1.8
294,Wesley Iwundu,SF,23.0,62.0,12.0,16.5,1.5,3.5,0.1,0.7,1.4,2.8,0.5,0.8,0.6,1.6,0.9,0.5,0.2,0.5,1.3
295,Jarrett Jack,PG,34.0,62.0,56.0,25.0,3.0,7.1,0.4,1.4,2.6,5.8,1.0,1.2,0.4,2.7,5.6,0.6,0.1,1.9,1.6
296,Aaron Jackson,PG,31.0,1.0,0.0,35.0,3.0,9.0,1.0,4.0,2.0,5.0,1.0,2.0,2.0,1.0,1.0,0.0,0.0,1.0,4.0
297,Demetrius Jackson,PG,23.0,15.0,0.0,5.3,0.5,1.2,0.1,0.5,0.4,0.7,0.1,0.1,0.3,0.5,0.6,0.3,0.1,0.7,0.5
300,Josh Jackson,SF,20.0,77.0,35.0,25.4,5.1,12.1,0.7,2.8,4.3,9.3,2.3,3.6,1.2,3.3,1.5,1.0,0.5,1.9,2.8
301,Justin Jackson,SF,22.0,68.0,41.0,22.1,2.7,6.2,0.8,2.7,1.9,3.4,0.4,0.5,0.4,2.4,1.1,0.4,0.2,0.6,1.2
302,Reggie Jackson,PG,27.0,45.0,45.0,26.7,5.5,12.8,1.2,3.8,4.3,9.1,2.5,3.0,0.6,2.1,5.3,0.6,0.1,2.2,1.9
303,LeBron James,PF,33.0,82.0,82.0,36.9,10.5,19.3,1.8,5.0,8.6,14.3,4.7,6.5,1.2,7.5,9.1,1.4,0.9,4.2,1.6
304,Mike James,PG,27.0,36.0,10.0,19.1,3.4,8.9,0.7,2.7,2.7,6.2,1.8,2.3,0.4,2.1,3.5,0.8,0.2,1.4,1.3
307,Al Jefferson,C,33.0,36.0,1.0,13.4,3.1,5.8,0.0,0.1,3.1,5.7,0.8,1.0,0.8,3.1,0.8,0.4,0.6,0.6,1.8
308,Richard Jefferson,SF,37.0,20.0,0.0,8.2,0.6,1.4,0.1,0.4,0.5,1.0,0.2,0.4,0.1,0.8,0.8,0.1,0.1,0.3,0.6
309,Brandon Jennings,PG,28.0,14.0,0.0,14.6,1.9,5.1,0.6,2.4,1.3,2.8,0.7,0.7,0.4,1.9,3.1,0.4,0.3,1.3,0.8
310,Jonas Jerebko,PF,30.0,74.0,19.0,15.3,2.1,4.6,0.9,2.1,1.3,2.5,0.6,0.8,0.7,2.6,0.6,0.3,0.2,0.4,1.7
311,Amir Johnson,C,30.0,74.0,18.0,15.8,1.9,3.5,0.1,0.4,1.8,3.1,0.7,1.1,1.7,2.8,1.6,0.6,0.6,0.7,2.6
312,Brice Johnson,PF,23.0,18.0,0.0,5.4,1.1,2.3,0.0,0.1,1.1,2.3,0.2,0.3,0.5,1.2,0.1,0.5,0.3,0.3,0.7
315,Dakari Johnson,C,22.0,31.0,6.0,5.2,0.7,1.3,0.0,0.0,0.7,1.3,0.4,0.6,0.5,0.6,0.3,0.2,0.3,0.1,0.9
316,James Johnson,PF,30.0,73.0,41.0,26.6,4.2,8.4,0.8,2.5,3.5,5.9,1.5,2.2,0.8,4.1,3.8,1.0,0.7,1.9,2.6
317,Joe Johnson,SF,36.0,55.0,4.0,21.9,2.7,6.5,0.7,2.6,1.9,3.9,0.7,0.8,0.3,2.9,1.5,0.3,0.1,0.9,1.2
320,Omari Johnson,PF,28.0,4.0,0.0,18.8,2.3,5.3,1.0,3.0,1.3,2.3,0.0,0.0,1.0,1.8,1.8,0.5,0.0,0.8,1.5
321,Stanley Johnson,SF,21.0,69.0,50.0,27.4,3.0,8.1,1.0,3.4,2.1,4.7,1.6,2.1,0.5,3.2,1.6,1.4,0.2,1.1,2.4
322,Tyler Johnson,PG,25.0,72.0,39.0,28.5,4.3,9.9,1.7,4.5,2.6,5.4,1.5,1.8,0.5,3.0,2.3,0.8,0.5,1.1,2.1
323,Wesley Johnson,SF,30.0,74.0,40.0,20.1,2.0,5.0,0.8,2.4,1.2,2.6,0.6,0.8,0.4,2.5,0.8,1.0,0.8,0.7,2.0
324,Nikola Jokic,C,22.0,75.0,73.0,32.6,6.7,13.5,1.5,3.7,5.2,9.7,3.5,4.2,2.6,8.1,6.1,1.2,0.8,2.8,2.8
325,Damian Jones,C,22.0,15.0,0.0,5.9,0.7,1.5,0.0,0.0,0.7,1.5,0.2,0.3,0.3,0.6,0.1,0.1,0.2,0.3,0.9
326,Derrick Jones,SF,20.0,20.0,8.0,12.3,1.1,2.7,0.2,0.9,0.9,1.8,0.8,1.2,1.1,0.9,0.5,0.2,0.7,0.4,1.2
329,Jalen Jones,SF,24.0,16.0,0.0,11.3,1.6,4.3,0.6,1.6,1.0,2.6,0.8,1.2,0.8,1.6,0.3,0.3,0.1,0.4,1.4
332,Tyus Jones,PG,21.0,82.0,11.0,17.9,1.8,4.0,0.5,1.6,1.3,2.4,0.9,1.0,0.2,1.4,2.8,1.2,0.1,0.7,1.3
333,DeAndre Jordan,C,29.0,77.0,77.0,31.5,4.8,7.5,0.0,0.0,4.8,7.5,2.4,4.1,4.3,10.9,1.5,0.5,0.9,1.8,2.6
334,Cory Joseph,PG,26.0,82.0,17.0,27.0,3.1,7.4,0.8,2.3,2.3,5.0,0.9,1.1,0.5,2.7,3.2,1.0,0.2,1.1,1.7
335,Frank Kaminsky,PF,24.0,79.0,4.0,23.2,3.9,9.1,1.3,3.5,2.6,5.6,2.0,2.5,0.6,3.1,1.6,0.5,0.2,0.8,1.2
336,Enes Kanter,C,25.0,71.0,71.0,25.8,5.9,10.0,0.0,0.0,5.9,10.0,2.2,2.6,3.8,7.1,1.5,0.5,0.5,1.7,2.6
337,Luke Kennard,SG,21.0,73.0,9.0,20.0,2.8,6.4,1.1,2.7,1.7,3.7,0.9,1.0,0.3,2.1,1.7,0.6,0.2,0.9,1.2
338,Michael Kidd-Gilchrist,SF,24.0,74.0,74.0,25.0,3.8,7.6,0.0,0.0,3.8,7.5,1.6,2.3,1.1,2.9,1.0,0.7,0.4,0.7,1.9
339,Sean Kilpatrick,SG,28.0,52.0,1.0,12.3,2.1,5.7,0.9,2.8,1.2,2.9,1.2,1.4,0.1,1.6,0.9,0.3,0.1,0.7,0.6
344,Maxi Kleber,PF,26.0,72.0,36.0,16.8,2.1,4.3,0.6,1.8,1.5,2.5,0.6,0.8,1.0,2.3,0.7,0.4,0.7,0.4,1.6
345,Furkan Korkmaz,SG,20.0,14.0,0.0,5.7,0.6,2.0,0.4,1.2,0.2,0.8,0.1,0.3,0.1,0.6,0.3,0.1,0.1,0.1,0.9
346,Luke Kornet,PF,22.0,20.0,1.0,16.3,2.5,6.3,1.4,4.0,1.1,2.3,0.4,0.6,0.6,2.7,1.3,0.3,0.8,0.6,1.4
347,Kyle Korver,SG,36.0,73.0,4.0,21.6,3.0,6.6,2.2,5.2,0.8,1.5,0.9,1.0,0.1,2.1,1.2,0.4,0.4,0.8,1.8
348,Kosta Koufos,C,28.0,71.0,13.0,19.6,3.1,5.5,0.0,0.0,3.1,5.5,0.5,1.0,2.1,4.5,1.2,0.7,0.5,0.7,2.1
349,Kyle Kuzma,PF,22.0,77.0,37.0,31.2,6.1,13.5,2.1,5.6,4.0,7.9,1.9,2.7,1.1,5.1,1.8,0.6,0.4,1.8,2.1
350,Mindaugas Kuzminskas,SF,28.0,1.0,0.0,2.0,0.0,2.0,0.0,0.0,0.0,2.0,0.0,0.0,0.0,0.0,0.0,0.0,0.0,0.0,0.0
351,Skal Labissiere,PF,21.0,60.0,28.0,20.7,3.4,7.6,0.3,0.9,3.1,6.8,1.6,2.0,1.7,3.2,1.2,0.4,0.8,1.2,2.2
352,Jeremy Lamb,SG,25.0,80.0,18.0,24.6,4.8,10.4,1.2,3.2,3.6,7.2,2.2,2.6,0.6,3.4,2.3,0.8,0.4,1.2,1.7
353,Shane Larkin,PG,25.0,54.0,2.0,14.4,1.6,4.1,0.6,1.6,1.0,2.5,0.6,0.7,0.3,1.4,1.8,0.5,0.1,0.6,1.1
354,Joffrey Lauvergne,C,26.0,55.0,1.0,9.7,1.8,3.5,0.0,0.1,1.8,3.4,0.5,0.9,1.1,2.0,0.7,0.2,0.1,0.6,0.8
355,Zach LaVine,SG,22.0,24.0,24.0,27.3,5.7,14.8,1.8,5.1,3.9,9.7,3.6,4.5,0.4,3.5,3.0,1.0,0.2,1.8,2.3
356,Jake Layman,SF,23.0,35.0,1.0,4.6,0.4,1.3,0.1,0.6,0.3,0.8,0.1,0.1,0.1,0.3,0.3,0.2,0.1,0.1,0.4
357,T.J. Leaf,PF,20.0,53.0,0.0,8.7,1.2,2.6,0.3,0.8,0.9,1.8,0.2,0.3,0.5,1.0,0.2,0.1,0.1,0.2,0.8
358,Courtney Lee,SG,32.0,76.0,69.0,30.4,4.5,9.9,1.5,3.7,3.0,6.3,1.5,1.6,0.4,2.6,2.4,1.1,0.2,1.1,1.4
359,Damion Lee,SG,25.0,15.0,11.0,26.9,4.1,10.1,1.0,4.0,3.1,6.1,1.5,1.9,0.7,4.0,1.9,1.3,0.1,0.9,1.7
360,Walt Lemon Jr.,PG,25.0,5.0,0.0,7.0,1.4,3.2,0.2,0.2,1.2,3.0,0.4,0.6,0.0,0.4,1.0,0.0,0.2,0.8,1.0
361,Alex Len,C,24.0,69.0,13.0,20.2,3.1,5.5,0.0,0.0,3.1,5.4,2.3,3.3,2.5,5.0,1.2,0.4,0.9,1.1,2.3
362,Kawhi Leonard,SF,26.0,9.0,9.0,23.3,5.8,12.3,1.2,3.9,4.6,8.4,3.4,4.2,0.7,4.0,2.3,2.0,1.0,1.8,1.0
363,Meyers Leonard,C,25.0,33.0,2.0,7.7,1.4,2.4,0.3,0.8,1.1,1.6,0.3,0.3,0.4,1.8,0.5,0.2,0.0,0.3,1.1
364,Jon Leuer,PF,28.0,8.0,0.0,17.0,1.9,4.5,0.0,0.4,1.9,4.1,1.6,1.9,0.9,3.1,0.6,0.1,0.4,0.9,2.0
365,Caris LeVert,SF,23.0,71.0,10.0,26.3,4.5,10.4,1.2,3.5,3.3,6.9,1.9,2.6,0.7,2.9,4.2,1.2,0.3,2.2,2.2
366,DeAndre Liggins,SG,29.0,58.0,4.0,12.5,0.7,1.8,0.3,0.9,0.4,0.9,0.0,0.1,0.1,1.2,0.8,0.6,0.2,0.3,1.4
369,Damian Lillard,PG,27.0,73.0,73.0,36.6,8.5,19.4,3.1,8.6,5.4,10.8,6.8,7.4,0.8,3.6,6.6,1.1,0.4,2.8,1.6
370,Jeremy Lin,PG,29.0,1.0,1.0,25.0,5.0,12.0,1.0,2.0,4.0,10.0,7.0,7.0,0.0,0.0,4.0,0.0,0.0,3.0,3.0
371,Shaun Livingston,PG,32.0,71.0,7.0,15.9,2.4,4.8,0.0,0.1,2.4,4.8,0.7,0.9,0.5,1.4,2.0,0.5,0.3,0.8,1.6
372,Kevon Looney,C,21.0,66.0,4.0,13.8,1.7,2.9,0.0,0.1,1.7,2.8,0.6,1.2,1.3,2.0,0.6,0.5,0.8,0.5,1.6
373,Brook Lopez,C,29.0,74.0,72.0,23.4,5.0,10.7,1.5,4.4,3.5,6.3,1.5,2.1,1.0,3.0,1.7,0.4,1.3,1.3,2.7
374,Robin Lopez,C,29.0,64.0,64.0,26.4,5.3,10.1,0.1,0.2,5.3,9.9,1.1,1.4,2.1,2.4,1.9,0.2,0.8,1.7,1.7
375,Kevin Love,C,29.0,59.0,59.0,28.0,5.7,12.4,2.3,5.6,3.3,6.8,4.0,4.5,1.7,7.5,1.7,0.7,0.4,1.5,2.0
376,Kyle Lowry,PG,31.0,78.0,78.0,32.2,5.2,12.1,3.1,7.6,2.1,4.5,2.9,3.3,0.8,4.7,6.9,1.1,0.2,2.3,2.5
377,Timothe Luwawu-Cabarrot,SF,22.0,52.0,7.0,15.5,1.9,5.1,1.0,3.0,0.9,2.1,0.9,1.1,0.3,1.1,1.0,0.2,0.1,0.7,1.9
378,Tyler Lydon,PF,21.0,1.0,0.0,2.0,0.0,0.0,0.0,0.0,0.0,0.0,0.0,0.0,0.0,0.0,0.0,0.0,0.0,0.0,0.0
379,Trey Lyles,PF,22.0,73.0,2.0,19.1,3.7,7.5,1.1,3.0,2.6,4.5,1.4,2.0,0.8,4.0,1.2,0.4,0.5,0.8,1.5
380,Shelvin Mack,PG,27.0,69.0,3.0,19.8,2.6,6.0,0.7,2.0,1.9,4.0,1.0,1.4,0.3,2.1,3.9,0.8,0.1,1.3,1.3
381,Josh Magette,PG,28.0,18.0,0.0,12.0,0.8,2.6,0.4,1.2,0.4,1.3,0.4,0.4,0.1,0.9,3.2,0.4,0.1,0.5,0.9
382,Ian Mahinmi,C,31.0,77.0,0.0,14.9,1.8,3.2,0.0,0.0,1.8,3.2,1.2,1.7,1.8,2.3,0.7,0.5,0.5,1.3,3.0
383,Thon Maker,C,20.0,74.0,12.0,16.7,1.8,4.3,0.4,1.4,1.3,2.9,0.9,1.3,1.0,2.0,0.6,0.5,0.7,0.6,2.2
384,Boban Marjanovic,C,29.0,39.0,1.0,8.6,2.0,3.8,0.0,0.0,2.0,3.8,2.0,2.5,1.2,2.5,0.6,0.3,0.3,0.9,1.3
387,Lauri Markkanen,PF,20.0,68.0,68.0,29.7,5.5,12.7,2.1,5.9,3.4,6.8,2.1,2.4,1.2,6.3,1.2,0.6,0.6,1.2,1.5
388,Jarell Martin,PF,23.0,73.0,36.0,22.8,3.0,6.8,0.5,1.3,2.6,5.5,1.2,1.6,1.3,3.0,1.0,0.5,0.7,1.2,2.9
389,Frank Mason,PG,23.0,52.0,2.0,18.9,2.8,7.3,0.6,1.7,2.2,5.7,1.8,2.2,0.6,1.9,2.8,0.7,0.2,1.3,1.4
390,Mangok Mathiang,C,25.0,4.0,0.0,5.0,1.0,1.8,0.0,0.0,1.0,1.8,0.0,0.3,0.8,1.8,0.0,0.3,0.0,0.0,1.3
391,Wesley Matthews,SF,31.0,63.0,62.0,33.8,4.5,11.1,2.4,6.4,2.1,4.7,1.3,1.6,0.4,2.7,2.7,1.2,0.3,1.3,2.2
392,Luc Mbah a Moute,PF,31.0,61.0,15.0,25.6,2.7,5.7,1.0,2.8,1.7,2.8,1.1,1.6,0.4,2.7,0.9,1.2,0.4,1.1,1.6
393,James Michael McAdoo,PF,25.0,3.0,0.0,6.0,0.7,2.3,0.7,2.3,0.0,0.0,0.7,0.7,0.0,0.7,0.0,0.0,0.3,0.3,0.3
394,Patrick McCaw,SG,22.0,57.0,10.0,16.9,1.6,3.9,0.3,1.4,1.3,2.5,0.5,0.6,0.3,1.2,1.4,0.8,0.2,0.7,1.2
395,C.J. McCollum,SG,26.0,81.0,81.0,36.1,8.2,18.6,2.3,5.9,5.9,12.7,2.6,3.1,0.7,3.3,3.4,1.0,0.4,1.9,2.1
396,T.J. McConnell,PG,25.0,76.0,1.0,22.4,2.8,5.5,0.4,0.8,2.4,4.7,0.4,0.5,0.5,2.5,4.0,1.2,0.2,1.5,1.6
397,Erik McCree,SF,24.0,4.0,0.0,2.0,0.0,0.5,0.0,0.3,0.0,0.3,0.0,0.0,0.0,0.3,0.0,0.3,0.0,0.3,0.0
398,Chris McCullough,PF,22.0,19.0,0.0,4.7,0.9,2.2,0.1,0.4,0.9,1.8,0.5,0.7,0.4,0.9,0.2,0.0,0.3,0.1,0.4
399,Doug McDermott,SF,26.0,81.0,4.0,21.8,2.9,6.3,1.1,2.7,1.8,3.6,0.8,1.0,0.5,2.0,1.0,0.2,0.2,0.7,1.5
402,JaVale McGee,C,30.0,65.0,17.0,9.5,2.1,3.4,0.0,0.1,2.1,3.3,0.6,0.8,0.9,1.7,0.5,0.3,0.9,0.4,1.4
403,Rodney McGruder,SG,26.0,18.0,2.0,16.6,2.0,4.1,0.8,1.9,1.2,2.1,0.2,0.4,0.6,1.2,0.9,0.4,0.2,0.2,1.2
404,Trey McKinney-Jones,SG,27.0,1.0,0.0,1.0,0.0,0.0,0.0,0.0,0.0,0.0,0.0,0.0,0.0,0.0,0.0,0.0,0.0,0.0,0.0
405,Alfonzo McKinnie,SF,25.0,14.0,0.0,3.8,0.6,1.1,0.2,0.6,0.4,0.4,0.1,0.2,0.1,0.4,0.1,0.1,0.1,0.2,0.6
406,Ben McLemore,SG,24.0,56.0,17.0,19.5,2.8,6.7,1.0,2.8,1.8,3.8,0.9,1.1,0.6,1.9,0.9,0.7,0.3,1.1,2.5
407,Josh McRoberts,PF,30.0,2.0,0.0,3.0,0.0,0.5,0.0,0.5,0.0,0.0,0.0,0.0,0.0,0.0,0.0,0.0,0.0,0.0,1.0
408,Jodie Meeks,SG,30.0,77.0,0.0,14.5,2.0,5.1,0.9,2.7,1.1,2.4,1.3,1.5,0.2,1.4,0.9,0.4,0.1,0.5,0.7
409,Salah Mejri,C,31.0,61.0,1.0,12.0,1.4,2.2,0.0,0.0,1.4,2.2,0.6,1.1,1.4,2.6,0.6,0.4,1.1,0.6,2.0
410,Jordan Mickey,PF,23.0,23.0,3.0,12.3,1.7,3.6,0.1,0.7,1.6,2.9,0.6,0.8,0.8,2.8,0.4,0.3,0.4,0.8,1.6
411,Khris Middleton,SF,26.0,82.0,82.0,36.4,7.2,15.5,1.8,5.0,5.5,10.5,3.9,4.4,0.5,4.7,4.0,1.5,0.3,2.3,3.3
412,C.J. Miles,SF,30.0,70.0,3.0,19.1,3.2,8.6,2.3,6.5,0.9,2.1,1.2,1.4,0.3,1.9,0.8,0.5,0.3,0.6,1.9
413,Darius Miller,SF,27.0,82.0,3.0,23.7,2.6,5.9,1.8,4.4,0.8,1.6,0.7,0.8,0.2,1.8,1.4,0.3,0.2,0.7,2.0
414,Malcolm Miller,SF,24.0,15.0,4.0,8.4,0.9,1.9,0.5,1.4,0.3,0.5,0.3,0.3,0.3,0.7,0.2,0.1,0.1,0.3,0.7
415,Patty Mills,PG,29.0,82.0,36.0,25.7,3.4,8.3,1.9,5.0,1.5,3.3,1.3,1.4,0.3,1.6,2.8,0.7,0.1,1.3,1.6
416,Paul Millsap,PF,32.0,38.0,37.0,30.1,5.3,11.4,1.0,3.0,4.3,8.5,2.9,4.2,1.7,4.7,2.7,1.0,1.2,1.9,2.6
417,Nikola Mirotic,PF,26.0,55.0,14.0,27.2,5.6,12.4,2.5,6.5,3.1,5.9,2.0,2.5,1.1,6.3,1.5,0.8,0.7,1.1,2.0
420,Donovan Mitchell,SG,21.0,79.0,71.0,33.4,7.5,17.2,2.4,7.0,5.2,10.3,3.0,3.8,0.7,3.1,3.7,1.5,0.3,2.7,2.7
421,Naz Mitrou-Long,SG,24.0,1.0,0.0,1.0,1.0,1.0,1.0,1.0,0.0,0.0,0.0,0.0,0.0,0.0,0.0,0.0,0.0,0.0,0.0
422,Malik Monk,SG,19.0,63.0,0.0,13.6,2.4,6.7,1.3,3.9,1.1,2.9,0.5,0.6,0.1,0.9,1.4,0.3,0.1,0.8,0.9
423,Greg Monroe,C,27.0,51.0,14.0,20.4,4.3,7.6,0.0,0.0,4.3,7.6,1.7,2.3,2.1,4.7,2.2,0.9,0.5,1.8,1.9
427,Luis Montero,SG,24.0,2.0,0.0,4.0,0.0,0.5,0.0,0.0,0.0,0.5,0.0,0.0,0.0,1.0,0.0,0.0,0.0,1.0,0.0
428,Ben Moore,PF,22.0,2.0,0.0,4.5,0.0,0.0,0.0,0.0,0.0,0.0,0.0,0.0,0.0,0.5,0.5,0.0,0.0,0.0,2.0
429,E'Twaun Moore,SG,28.0,82.0,80.0,31.5,5.2,10.1,1.6,3.7,3.6,6.5,0.6,0.8,0.7,2.2,2.3,1.0,0.1,1.2,2.2
430,Eric Moreland,PF,26.0,67.0,3.0,12.0,1.0,1.8,0.0,0.0,1.0,1.8,0.2,0.4,1.2,2.9,1.2,0.5,0.8,0.6,1.7
431,Jaylen Morris,SG,22.0,6.0,0.0,16.3,2.2,5.3,0.3,1.7,1.8,3.7,0.0,0.0,0.3,2.3,1.2,0.3,0.2,1.0,0.3
432,Marcus Morris,PF,28.0,54.0,21.0,26.8,4.9,11.3,1.6,4.3,3.3,7.0,2.3,2.9,0.8,4.6,1.3,0.6,0.2,1.2,1.9
433,Markieff Morris,PF,28.0,73.0,73.0,27.0,4.5,9.4,1.0,2.8,3.5,6.6,1.4,1.8,1.0,4.6,1.9,0.8,0.5,1.7,3.0
434,Monte Morris,PG,22.0,3.0,0.0,8.3,1.3,2.0,0.0,0.3,1.3,1.7,0.7,0.7,0.0,0.7,2.3,1.0,0.0,0.3,0.3
435,Johnathan Motley,PF,22.0,11.0,4.0,16.0,3.6,6.8,0.1,0.5,3.5,6.3,1.4,2.5,1.3,3.2,0.6,0.3,0.2,0.8,1.6
436,Timofey Mozgov,C,31.0,31.0,13.0,11.6,1.7,3.0,0.1,0.6,1.5,2.4,0.7,1.0,1.0,2.1,0.4,0.2,0.4,1.1,1.3
437,Emmanuel Mudiay,PG,21.0,64.0,14.0,19.5,3.2,8.2,0.7,2.3,2.5,5.9,1.5,2.0,0.4,2.0,3.2,0.6,0.2,1.8,1.3
440,Shabazz Muhammad,SF,25.0,43.0,2.0,9.7,2.0,4.4,0.2,0.6,1.8,3.7,0.9,1.2,0.5,1.2,0.3,0.2,0.1,0.1,0.7
443,Xavier Munford,SG,25.0,6.0,0.0,3.5,0.2,1.0,0.0,0.3,0.2,0.7,0.2,0.3,0.2,0.0,0.7,0.2,0.0,0.3,0.7
444,Dejounte Murray,PG,21.0,81.0,48.0,21.5,3.3,7.5,0.1,0.4,3.2,7.1,1.3,1.8,1.4,4.3,2.9,1.2,0.4,1.7,1.9
445,Jamal Murray,PG,20.0,81.0,80.0,31.7,5.9,13.1,2.0,5.4,3.9,7.7,2.8,3.1,1.0,2.7,3.4,1.0,0.3,2.1,2.1
446,Mike Muscala,C,26.0,53.0,7.0,20.0,2.7,5.9,1.2,3.2,1.5,2.7,1.1,1.2,1.1,3.3,1.0,0.6,0.5,0.8,1.5
447,Abdel Nader,SF,24.0,48.0,1.0,10.9,1.0,3.1,0.5,1.4,0.6,1.8,0.5,0.8,0.3,1.2,0.5,0.3,0.2,0.7,0.9
448,Larry Nance,C,25.0,66.0,27.0,21.5,3.6,6.3,0.0,0.2,3.6,6.1,1.4,2.1,2.4,4.4,1.2,1.3,0.6,0.8,2.6
451,Shabazz Napier,PG,26.0,74.0,10.0,20.7,3.0,7.2,1.1,2.9,1.9,4.2,1.6,1.9,0.4,1.9,2.0,1.1,0.2,1.2,1.1
452,Jameer Nelson,PG,35.0,50.0,0.0,20.3,1.9,4.9,0.8,2.5,1.1,2.4,0.3,0.4,0.3,1.8,3.6,0.5,0.1,1.3,1.6
455,Raul Neto,PG,25.0,41.0,0.0,12.1,1.7,3.7,0.5,1.1,1.2,2.5,0.6,0.9,0.2,1.0,1.8,0.3,0.1,0.9,0.9
456,Georges Niang,PF,24.0,9.0,0.0,3.6,0.4,1.2,0.0,0.4,0.4,0.8,0.1,0.2,0.3,0.7,0.3,0.2,0.0,0.3,0.1
457,Joakim Noah,C,32.0,7.0,0.0,5.7,0.7,1.4,0.0,0.0,0.7,1.4,0.3,0.6,0.9,1.1,0.6,0.3,0.3,0.6,0.7
458,Nerlens Noel,C,23.0,30.0,6.0,15.7,1.8,3.5,0.0,0.0,1.8,3.5,0.7,0.9,1.6,4.0,0.7,1.0,0.7,0.9,2.0
459,Lucas Nogueira,C,25.0,49.0,3.0,8.5,1.0,1.6,0.1,0.4,0.9,1.2,0.4,0.6,0.4,1.4,0.4,0.5,0.9,0.3,1.0
460,Dirk Nowitzki,C,39.0,77.0,77.0,24.7,4.5,9.8,1.8,4.4,2.7,5.5,1.3,1.4,0.3,5.4,1.6,0.6,0.6,0.7,1.9
461,Frank Ntilikina,PG,19.0,78.0,9.0,21.9,2.3,6.4,0.6,2.0,1.7,4.4,0.6,0.9,0.5,1.8,3.2,0.8,0.2,1.7,2.3
462,Jusuf Nurkic,C,23.0,79.0,79.0,26.4,6.1,12.0,0.0,0.1,6.1,11.9,2.2,3.5,2.4,6.6,1.8,0.8,1.4,2.3,3.1
463,David Nwaba,SG,25.0,70.0,21.0,23.5,2.9,6.0,0.3,0.7,2.6,5.3,1.9,2.9,1.3,3.4,1.5,0.8,0.4,1.1,2.3
464,Johnny O'Bryant,PF,24.0,36.0,0.0,10.5,1.9,4.8,0.4,1.2,1.5,3.6,0.6,0.7,0.8,1.8,0.4,0.3,0.2,0.4,1.3
465,Royce O'Neale,SF,24.0,69.0,4.0,16.7,1.7,4.1,0.6,1.7,1.1,2.4,0.9,1.1,0.4,3.1,1.4,0.5,0.2,0.8,1.5
466,Kyle O'Quinn,C,27.0,77.0,10.0,18.0,2.9,5.0,0.1,0.2,2.9,4.8,1.3,1.6,1.6,4.5,2.1,0.5,1.3,1.3,2.5
467,Semi Ojeleye,PF,23.0,73.0,0.0,15.8,0.9,2.6,0.5,1.7,0.3,0.9,0.3,0.6,0.5,1.7,0.3,0.3,0.1,0.3,1.2
468,Emeka Okafor,C,35.0,26.0,19.0,13.6,1.8,3.7,0.0,0.0,1.8,3.7,0.7,0.8,1.8,2.8,0.3,0.3,1.0,0.5,1.2
469,Jahlil Okafor,C,22.0,28.0,0.0,12.6,2.8,4.9,0.0,0.1,2.7,4.8,0.8,1.0,0.8,2.3,0.4,0.1,0.6,0.8,1.8
472,Victor Oladipo,SG,25.0,75.0,75.0,34.0,8.5,17.9,2.1,5.8,6.4,12.1,3.9,4.9,0.6,4.6,4.3,2.4,0.8,2.9,2.3
473,Kelly Olynyk,PF,26.0,76.0,22.0,23.4,4.2,8.4,1.4,3.7,2.8,4.7,1.8,2.3,1.2,4.5,2.7,0.8,0.5,1.9,2.9
474,Chinanu Onuaku,C,21.0,1.0,0.0,22.0,2.0,5.0,0.0,0.0,2.0,5.0,0.0,0.0,1.0,3.0,1.0,0.0,0.0,3.0,4.0
475,Cedi Osman,SF,22.0,61.0,12.0,11.0,1.5,3.0,0.5,1.4,1.0,1.6,0.4,0.8,0.3,1.7,0.7,0.4,0.0,0.5,1.3
476,Kelly Oubre,SF,22.0,81.0,11.0,27.5,3.9,9.8,1.6,4.6,2.4,5.2,2.4,2.9,0.7,3.8,1.2,1.0,0.4,1.1,2.9
477,Zaza Pachulia,C,33.0,69.0,57.0,14.1,2.2,3.8,0.0,0.0,2.2,3.8,1.1,1.3,1.3,3.4,1.6,0.6,0.2,1.0,1.8
478,Marcus Paige,PG,24.0,5.0,0.0,5.6,0.8,2.8,0.4,1.6,0.4,1.2,0.4,0.4,0.0,0.8,0.6,0.0,0.0,0.0,0.0
479,Georgios Papagiannis,C,20.0,17.0,0.0,7.2,1.1,2.5,0.0,0.0,1.1,2.5,0.0,0.0,0.8,1.4,0.5,0.2,0.4,0.5,0.7
482,Jabari Parker,PF,22.0,31.0,3.0,24.0,5.2,10.7,1.0,2.6,4.2,8.1,1.3,1.7,1.4,3.5,1.9,0.8,0.3,1.5,1.6
483,Tony Parker,PG,35.0,55.0,21.0,19.5,3.2,7.1,0.2,0.7,3.1,6.4,1.0,1.4,0.1,1.6,3.5,0.5,0.0,1.2,0.9
484,Chandler Parsons,SF,29.0,36.0,8.0,19.2,3.0,6.5,1.4,3.4,1.6,3.1,0.5,0.8,0.4,2.1,1.9,0.5,0.3,1.0,1.5
485,Patrick Patterson,PF,28.0,82.0,3.0,15.5,1.3,3.2,0.8,2.1,0.5,1.2,0.5,0.6,0.4,2.0,0.7,0.6,0.3,0.4,1.1
486,Justin Patton,C,20.0,1.0,0.0,4.0,1.0,2.0,0.0,0.0,1.0,2.0,0.0,0.0,0.0,0.0,0.0,1.0,0.0,0.0,1.0
487,Brandon Paul,SG,26.0,64.0,2.0,9.0,0.9,2.0,0.2,0.8,0.6,1.1,0.3,0.7,0.1,1.0,0.6,0.4,0.1,0.5,0.9
488,Chris Paul,PG,32.0,58.0,58.0,31.8,6.3,13.8,2.5,6.5,3.8,7.2,3.5,3.8,0.6,4.8,7.9,1.7,0.2,2.2,2.4
489,Adreian Payne,PF,26.0,5.0,0.0,8.6,1.4,2.0,0.4,0.6,1.0,1.4,1.0,1.2,0.4,1.4,0.0,0.4,0.0,0.4,1.2
490,Cameron Payne,PG,23.0,25.0,14.0,23.3,3.5,8.6,1.4,3.6,2.1,5.0,0.5,0.6,0.7,2.0,4.5,1.0,0.4,1.4,1.8
491,Elfrid Payton,PG,23.0,63.0,63.0,28.7,5.2,10.6,0.5,1.5,4.7,9.1,1.7,2.7,1.0,3.3,6.2,1.3,0.3,2.7,2.3
494,Gary Payton,PG,25.0,23.0,6.0,9.6,1.3,3.2,0.3,1.1,1.0,2.1,0.1,0.4,0.6,1.3,0.9,0.3,0.1,0.3,1.3
497,Kendrick Perkins,C,33.0,1.0,0.0,15.0,1.0,2.0,0.0,0.0,1.0,2.0,1.0,2.0,0.0,1.0,2.0,1.0,0.0,1.0,1.0
498,London Perrantes,PG,23.0,14.0,0.0,4.7,0.1,0.9,0.0,0.2,0.1,0.7,0.2,0.4,0.1,0.2,0.4,0.1,0.1,0.1,0.4
499,Alec Peters,PF,22.0,20.0,0.0,11.3,1.4,3.7,0.9,2.9,0.5,0.8,0.4,0.5,0.4,1.5,0.6,0.1,0.1,0.2,0.7
500,Marshall Plumlee,C,25.0,8.0,0.0,6.5,0.1,0.4,0.0,0.0,0.1,0.4,1.5,2.0,0.5,1.6,0.3,0.0,0.1,0.4,1.3
501,Mason Plumlee,C,27.0,74.0,26.0,19.4,3.0,5.0,0.0,0.0,3.0,5.0,1.1,2.4,1.8,3.6,1.9,0.7,1.1,1.4,2.5
502,Miles Plumlee,C,29.0,55.0,35.0,16.7,1.9,3.3,0.0,0.0,1.9,3.3,0.5,1.1,1.4,2.7,0.8,0.3,0.5,1.1,1.4
503,Jakob Poeltl,C,22.0,82.0,0.0,18.6,3.1,4.7,0.0,0.0,3.1,4.7,0.7,1.2,2.0,2.8,0.7,0.5,1.2,1.0,2.6
504,Quincy Pondexter,SF,29.0,23.0,1.0,8.5,0.6,2.1,0.1,1.0,0.5,1.2,0.6,0.7,0.3,0.8,0.4,0.3,0.1,0.5,1.0
505,Otto Porter,SF,24.0,77.0,77.0,31.6,5.8,11.5,1.8,4.1,4.0,7.4,1.4,1.7,1.3,5.1,2.0,1.5,0.5,1.0,2.0
506,Bobby Portis,PF,22.0,73.0,4.0,22.5,5.2,11.1,1.1,3.1,4.1,8.1,1.6,2.1,2.2,4.6,1.7,0.7,0.3,1.4,1.8
507,Kristaps Porzingis,PF,22.0,48.0,48.0,32.4,8.1,18.5,1.9,4.8,6.3,13.8,4.5,5.7,1.3,5.3,1.2,0.8,2.4,1.9,2.9
508,Dwight Powell,C,26.0,79.0,25.0,21.2,3.2,5.4,0.4,1.1,2.9,4.4,1.7,2.3,1.7,3.9,1.2,0.8,0.4,0.7,2.4
509,Norman Powell,SG,24.0,70.0,18.0,15.2,2.1,5.3,0.8,2.7,1.4,2.7,0.5,0.6,0.2,1.5,1.3,0.5,0.2,0.9,1.6
510,Alex Poythress,PF,24.0,25.0,0.0,4.2,0.4,1.0,0.2,0.4,0.3,0.6,0.0,0.0,0.3,0.4,0.1,0.1,0.0,0.1,0.6
511,Jacob Pullen,PG,28.0,3.0,0.0,2.0,0.3,0.7,0.0,0.3,0.3,0.3,0.0,0.0,0.0,0.0,0.0,0.0,0.0,0.3,0.0
512,Rodney Purvis,SG,23.0,16.0,2.0,18.1,2.2,6.7,0.8,3.3,1.4,3.4,0.8,0.9,0.1,1.6,1.1,0.2,0.2,0.6,1.6
513,Zhou Qi,C,22.0,18.0,0.0,6.9,0.3,1.8,0.1,1.1,0.2,0.7,0.4,0.7,0.3,0.9,0.1,0.1,0.8,0.6,0.8
514,Tim Quarterman,SG,23.0,3.0,0.0,4.3,0.3,1.0,0.0,0.7,0.3,0.3,0.7,0.7,0.0,1.0,0.3,0.0,0.0,0.7,0.3
515,Ivan Rabb,PF,20.0,36.0,5.0,14.3,2.4,4.2,0.0,0.0,2.4,4.2,0.8,1.0,1.5,2.9,0.9,0.3,0.4,1.0,1.5
516,Julius Randle,C,23.0,82.0,49.0,26.7,6.1,11.0,0.1,0.5,6.0,10.5,3.7,5.2,2.2,5.8,2.6,0.5,0.5,2.6,3.3
517,Zach Randolph,PF,36.0,59.0,57.0,25.6,6.1,12.9,0.9,2.5,5.3,10.4,1.4,1.8,1.6,5.1,2.2,0.7,0.2,2.0,2.0
518,Xavier Rathan-Mayes,SG,23.0,5.0,0.0,23.6,2.4,8.4,0.2,2.8,2.2,5.6,0.8,1.8,0.0,1.0,3.6,1.2,0.6,2.2,3.6
519,J.J. Redick,SG,33.0,70.0,70.0,30.2,5.8,12.6,2.8,6.6,3.0,6.0,2.8,3.1,0.1,2.4,3.0,0.5,0.1,1.5,1.8
520,Davon Reed,SG,22.0,21.0,1.0,11.5,1.0,3.6,0.5,1.8,0.5,1.8,0.4,0.6,0.1,1.8,0.6,0.5,0.1,0.5,0.8
521,Willie Reed,C,27.0,42.0,5.0,10.2,1.9,2.9,0.0,0.0,1.9,2.8,0.8,1.3,0.8,2.0,0.2,0.2,0.5,0.5,1.3
524,Josh Richardson,SF,24.0,81.0,81.0,33.2,4.9,10.9,1.6,4.1,3.4,6.8,1.5,1.8,0.9,2.7,2.9,1.5,0.9,1.7,2.5
525,Malachi Richardson,SG,22.0,26.0,4.0,12.5,1.2,3.5,0.5,1.5,0.7,1.9,0.7,0.8,0.2,1.1,0.5,0.4,0.0,0.4,1.0
528,Austin Rivers,SG,25.0,61.0,59.0,33.7,5.6,13.2,2.2,5.9,3.4,7.3,1.7,2.6,0.4,1.9,4.0,1.2,0.3,1.8,2.5
529,Andre Roberson,SG,26.0,39.0,39.0,26.6,2.2,4.2,0.2,0.9,2.0,3.2,0.3,1.0,1.9,2.8,1.2,1.2,0.9,0.8,2.3
530,Devin Robinson,SF,22.0,1.0,0.0,13.0,1.0,3.0,0.0,0.0,1.0,3.0,0.0,0.0,2.0,3.0,0.0,1.0,0.0,0.0,2.0
531,Glenn Robinson,SF,24.0,23.0,1.0,14.7,1.6,3.7,0.6,1.5,1.0,2.2,0.4,0.5,0.5,1.1,0.7,0.6,0.0,0.2,0.6
532,Rajon Rondo,PG,31.0,65.0,63.0,26.2,3.6,7.6,0.8,2.3,2.8,5.3,0.4,0.7,0.5,3.6,8.2,1.1,0.2,2.3,1.8
533,Derrick Rose,PG,29.0,25.0,7.0,16.8,3.2,7.4,0.3,1.2,3.0,6.2,1.6,1.8,0.5,0.9,1.5,0.3,0.2,1.4,0.6
536,Terrence Ross,SG,26.0,24.0,20.0,25.0,3.2,8.0,1.3,3.9,1.9,4.1,1.1,1.5,0.4,2.6,1.6,1.1,0.5,1.2,1.9
537,Terry Rozier,PG,23.0,80.0,16.0,25.9,4.0,10.0,1.9,5.0,2.0,5.0,1.4,1.9,0.8,3.9,2.9,1.0,0.2,1.0,1.5
538,Ricky Rubio,PG,27.0,77.0,77.0,29.3,4.5,10.7,1.2,3.5,3.2,7.2,2.9,3.3,0.6,4.0,5.3,1.6,0.1,2.7,2.7
539,D'Angelo Russell,PG,21.0,48.0,35.0,25.7,5.8,14.0,1.9,5.8,3.9,8.2,2.0,2.7,0.6,3.3,5.2,0.8,0.4,3.1,1.9
540,Domantas Sabonis,C,21.0,74.0,19.0,24.5,4.6,8.9,0.2,0.5,4.4,8.4,2.3,3.0,2.2,5.5,2.0,0.5,0.4,1.9,3.0
541,JaKarr Sampson,SF,24.0,22.0,6.0,15.6,2.0,3.7,0.2,0.5,1.8,3.2,0.5,0.7,1.0,2.6,0.4,0.4,1.0,0.4,2.2
542,Dario Saric,PF,23.0,78.0,73.0,29.6,5.2,11.4,2.0,5.1,3.2,6.3,2.3,2.7,2.0,4.7,2.6,0.7,0.3,1.9,2.1
543,Tomas Satoransky,SG,26.0,73.0,30.0,22.5,2.8,5.3,0.6,1.4,2.1,3.9,1.0,1.3,1.0,2.2,3.9,0.7,0.2,1.1,1.8
544,Dennis Schroder,PG,24.0,67.0,67.0,31.0,7.5,17.1,1.1,3.9,6.3,13.2,3.4,4.0,0.7,2.4,6.2,1.1,0.1,2.7,2.2
545,Mike Scott,PF,29.0,76.0,1.0,18.5,3.6,6.9,0.9,2.1,2.8,4.8,0.7,1.0,0.7,2.6,1.1,0.3,0.1,1.0,1.9
546,Thabo Sefolosha,SF,33.0,38.0,6.0,21.2,3.1,6.3,0.8,2.2,2.3,4.1,1.2,1.4,0.8,3.5,0.9,1.4,0.3,0.8,1.6
547,Wayne Selden,SG,23.0,35.0,9.0,19.8,3.3,7.7,1.4,3.5,1.9,4.2,1.3,1.7,0.5,1.1,1.9,0.5,0.1,1.5,1.7
548,Ramon Sessions,PG,31.0,28.0,3.0,14.0,1.5,4.2,0.3,0.9,1.2,3.3,1.6,2.0,0.2,1.1,2.8,0.5,0.1,1.1,1.0
551,Iman Shumpert,SG,27.0,14.0,6.0,19.7,1.6,4.1,0.5,1.9,1.1,2.3,0.8,1.1,0.5,2.4,1.2,0.6,0.3,1.1,1.6
552,Pascal Siakam,PF,23.0,81.0,5.0,20.7,3.1,6.1,0.4,1.6,2.8,4.5,0.7,1.1,1.0,3.5,2.0,0.8,0.5,0.8,2.0
553,Xavier Silas,SG,30.0,2.0,0.0,3.5,0.0,1.5,0.0,1.0,0.0,0.5,0.0,0.0,0.5,0.5,0.0,0.5,0.0,0.0,0.5
554,Ben Simmons,PG,21.0,81.0,81.0,33.7,6.7,12.3,0.0,0.1,6.7,12.2,2.4,4.2,1.8,6.3,8.2,1.7,0.9,3.4,2.6
555,Jonathon Simmons,SG,28.0,69.0,50.0,29.4,5.1,11.0,1.0,3.0,4.1,8.1,2.7,3.5,0.9,2.6,2.5,0.8,0.2,2.1,2.5
556,Kobi Simmons,PG,20.0,32.0,12.0,20.1,2.5,5.9,0.3,1.2,2.2,4.7,0.8,0.8,0.4,1.1,2.1,0.6,0.2,1.4,1.9
557,Kyle Singler,SF,29.0,12.0,0.0,4.9,0.6,1.8,0.2,0.4,0.4,1.3,0.6,1.1,0.1,0.8,0.2,0.1,0.0,0.3,0.3
558,Marcus Smart,SG,23.0,54.0,11.0,29.9,3.5,9.5,1.4,4.6,2.1,4.9,1.8,2.5,0.8,2.7,4.8,1.3,0.4,2.4,2.5
559,Dennis Smith,PG,20.0,69.0,69.0,29.7,5.9,14.8,1.5,4.9,4.3,9.9,1.9,2.8,0.7,3.0,5.2,1.0,0.3,2.8,2.2
560,Ish Smith,PG,29.0,82.0,35.0,24.9,4.7,9.8,0.4,1.2,4.3,8.5,1.0,1.4,0.3,2.4,4.4,0.8,0.2,1.3,1.7
561,J.R. Smith,SG,32.0,80.0,61.0,28.1,3.0,7.4,1.8,4.8,1.2,2.7,0.5,0.7,0.4,2.6,1.8,0.9,0.1,1.0,2.0
562,Jason Smith,C,31.0,33.0,2.0,8.6,1.4,3.5,0.1,1.0,1.2,2.5,0.6,0.6,0.5,1.1,0.4,0.1,0.4,0.5,1.3
563,Josh Smith,PF,32.0,3.0,0.0,4.0,0.3,1.3,0.0,0.0,0.3,1.3,0.0,0.0,1.0,0.3,0.0,0.0,0.0,0.0,1.0
564,Tony Snell,SG,26.0,75.0,59.0,27.4,2.5,5.7,1.4,3.6,1.0,2.1,0.5,0.6,0.1,1.8,1.3,0.6,0.4,0.5,1.5
565,Marreese Speights,C,30.0,52.0,3.0,13.0,2.7,6.7,1.7,4.5,1.0,2.2,0.8,1.1,0.4,2.2,0.8,0.2,0.4,0.8,2.1
566,Nik Stauskas,SG,24.0,41.0,0.0,12.8,1.5,3.8,1.0,2.4,0.5,1.3,0.5,0.7,0.1,1.5,1.0,0.2,0.1,0.6,0.6
569,Lance Stephenson,SG,27.0,82.0,7.0,22.6,3.7,8.6,0.8,2.8,2.9,5.8,1.0,1.5,0.8,4.4,2.9,0.6,0.2,1.6,2.2
570,David Stockton,PG,26.0,3.0,0.0,3.0,0.7,1.0,0.7,1.0,0.0,0.0,1.3,1.3,0.0,0.0,0.0,0.0,0.0,0.3,1.0
571,Julyan Stone,SG,29.0,23.0,0.0,7.6,0.3,0.6,0.3,0.6,0.0,0.0,0.0,0.1,0.0,1.2,1.1,0.2,0.1,0.3,0.9
572,Edmond Sumner,PG,22.0,1.0,0.0,2.0,1.0,1.0,0.0,0.0,1.0,1.0,0.0,0.0,0.0,1.0,0.0,0.0,0.0,0.0,1.0
573,Caleb Swanigan,PF,20.0,27.0,3.0,7.0,0.9,2.2,0.0,0.3,0.9,1.9,0.4,0.7,0.6,1.4,0.5,0.2,0.1,0.7,1.4
574,Jayson Tatum,SF,19.0,80.0,80.0,30.5,5.0,10.4,1.3,3.0,3.7,7.4,2.7,3.2,0.6,4.4,1.6,1.0,0.7,1.4,2.1
575,Isaiah Taylor,PG,23.0,67.0,9.0,17.4,2.4,5.8,0.3,1.2,2.1,4.6,1.5,2.1,0.3,1.1,3.1,0.5,0.1,1.3,1.7
576,Jeff Teague,PG,29.0,70.0,70.0,33.0,5.1,11.3,1.2,3.3,3.9,8.1,2.9,3.4,0.3,2.6,7.0,1.5,0.3,2.5,2.4
577,Marquis Teague,PG,24.0,3.0,0.0,24.7,1.3,5.3,0.3,1.3,1.0,4.0,0.7,1.7,0.3,1.7,4.3,1.3,0.0,1.0,1.7
578,Mirza Teletovic,PF,32.0,10.0,0.0,15.9,2.5,5.7,2.1,4.5,0.4,1.2,0.0,0.0,0.3,2.0,1.0,0.4,0.1,0.7,1.4
579,Garrett Temple,SG,31.0,65.0,35.0,24.8,3.1,7.3,1.4,3.5,1.7,3.8,0.9,1.2,0.3,2.0,1.9,0.9,0.4,1.2,2.1
580,Milos Teodosic,PG,30.0,45.0,36.0,25.2,3.4,8.0,2.0,5.2,1.4,2.8,0.9,1.0,0.4,2.4,4.6,0.5,0.1,2.2,2.3
581,Jason Terry,SG,40.0,51.0,4.0,16.0,1.2,3.0,0.8,2.3,0.4,0.8,0.2,0.2,0.1,0.8,1.2,0.8,0.3,0.5,1.0
582,Daniel Theis,C,25.0,63.0,3.0,14.9,2.0,3.7,0.3,0.9,1.7,2.8,1.0,1.3,1.4,2.9,0.9,0.5,0.8,0.9,2.5
583,Isaiah Thomas,PG,28.0,32.0,15.0,26.9,4.9,13.2,1.7,5.9,3.2,7.3,3.7,4.1,0.5,1.6,4.8,0.5,0.1,3.0,1.8
586,Lance Thomas,PF,29.0,73.0,31.0,18.5,1.4,3.7,0.7,1.7,0.7,2.0,0.6,0.7,0.6,1.8,0.6,0.4,0.2,0.5,1.8
587,Klay Thompson,SG,27.0,73.0,73.0,34.3,7.9,16.1,3.1,7.1,4.7,9.0,1.1,1.3,0.4,3.4,2.5,0.8,0.5,1.8,1.6
588,Tristan Thompson,C,26.0,53.0,22.0,20.2,2.5,4.4,0.0,0.0,2.5,4.4,0.8,1.5,2.4,4.3,0.6,0.3,0.3,0.7,1.9
589,Sindarius Thornwell,SG,23.0,73.0,17.0,15.8,1.4,3.2,0.3,0.8,1.1,2.4,0.8,1.2,0.5,1.5,0.9,0.7,0.3,0.7,1.7
590,Anthony Tolliver,PF,32.0,79.0,14.0,22.2,2.8,6.0,2.0,4.6,0.8,1.4,1.3,1.7,0.6,2.4,1.1,0.4,0.3,0.7,1.8
591,Karl-Anthony Towns,C,22.0,82.0,82.0,35.6,7.8,14.3,1.5,3.5,6.3,10.8,4.2,4.9,2.9,9.4,2.4,0.8,1.4,1.9,3.5
592,P.J. Tucker,PF,32.0,82.0,34.0,27.8,2.1,5.4,1.4,3.8,0.7,1.6,0.5,0.7,1.1,4.4,0.9,1.0,0.3,0.9,2.5
593,Evan Turner,SF,29.0,79.0,40.0,25.7,3.3,7.3,0.5,1.7,2.7,5.6,1.2,1.4,0.4,2.7,2.2,0.6,0.4,1.3,2.1
594,Myles Turner,C,21.0,65.0,62.0,28.2,4.7,9.8,0.9,2.4,3.8,7.4,2.5,3.2,1.4,5.0,1.3,0.6,1.8,1.5,2.9
595,Ekpe Udoh,C,30.0,63.0,3.0,12.9,1.0,1.9,0.0,0.0,1.0,1.9,0.7,0.9,1.1,1.3,0.8,0.7,1.2,0.3,1.7
596,Tyler Ulis,PG,22.0,71.0,43.0,23.4,3.0,7.8,0.6,2.1,2.4,5.7,1.2,1.4,0.3,1.5,4.4,1.0,0.1,1.8,1.7
597,Jonas Valanciunas,C,25.0,77.0,77.0,22.4,5.1,8.9,0.4,1.0,4.7,8.0,2.2,2.7,2.4,6.2,1.1,0.4,0.9,1.5,2.5
598,Denzel Valentine,SG,24.0,77.0,37.0,27.2,3.9,9.4,1.9,4.8,2.1,4.6,0.5,0.7,0.6,4.5,3.2,0.8,0.1,1.3,2.4
599,Fred VanVleet,PG,23.0,76.0,0.0,20.0,3.1,7.2,1.4,3.4,1.6,3.7,1.1,1.3,0.3,2.1,3.2,0.9,0.3,1.0,1.7
600,Rashad Vaughn,SG,21.0,28.0,0.0,7.6,0.8,2.0,0.5,1.3,0.3,0.7,0.1,0.2,0.1,0.6,0.5,0.2,0.1,0.2,0.5
604,Noah Vonleh,PF,22.0,54.0,16.0,16.2,1.9,4.3,0.4,1.2,1.6,3.1,0.7,1.1,1.3,4.5,0.6,0.4,0.3,0.6,1.3
607,Nikola Vucevic,C,27.0,57.0,57.0,29.5,7.0,14.7,1.1,3.6,5.9,11.2,1.4,1.6,1.8,7.4,3.4,1.0,1.1,1.9,2.5
608,Dwyane Wade,SG,36.0,67.0,3.0,22.9,4.5,10.2,0.5,1.7,4.0,8.5,2.0,2.8,0.7,3.0,3.4,0.9,0.7,2.1,1.9
611,Dion Waiters,SG,26.0,30.0,30.0,30.6,5.4,13.7,1.7,5.7,3.7,8.0,1.7,2.3,0.3,2.3,3.8,0.8,0.3,2.3,2.0
612,Kemba Walker,PG,27.0,80.0,80.0,34.2,7.4,17.0,2.9,7.5,4.5,9.5,4.5,5.3,0.4,2.7,5.6,1.1,0.3,2.2,1.2
613,John Wall,PG,27.0,41.0,41.0,34.4,6.8,16.3,1.5,4.1,5.3,12.2,4.3,5.9,0.5,3.1,9.6,1.4,1.1,3.9,2.0
614,Tyrone Wallace,PG,23.0,30.0,19.0,28.4,3.7,8.2,0.3,1.3,3.3,6.9,2.0,2.6,0.7,2.8,2.4,0.9,0.4,1.5,2.8
615,Taurean Waller-Prince,SF,23.0,82.0,82.0,30.0,5.1,11.9,2.1,5.6,2.9,6.3,1.9,2.2,0.6,4.1,2.6,1.0,0.5,2.3,2.0
616,Derrick Walton,PG,22.0,16.0,0.0,9.2,0.5,1.6,0.4,1.1,0.1,0.5,0.4,0.4,0.1,0.9,1.0,0.4,0.2,0.1,0.4
617,Jameel Warney,PF,24.0,3.0,0.0,9.0,2.3,4.0,0.0,0.0,2.3,4.0,1.0,1.7,1.3,1.7,0.0,0.0,0.0,0.3,0.7
618,T.J. Warren,SF,24.0,65.0,65.0,33.0,8.1,16.4,0.3,1.4,7.8,15.0,3.0,3.9,1.9,3.2,1.3,1.0,0.6,1.3,2.3
619,Travis Wear,SF,27.0,17.0,0.0,13.4,1.5,4.2,1.0,2.8,0.5,1.5,0.5,0.5,0.0,2.2,0.4,0.2,0.3,0.4,1.8
620,James Webb,SF,24.0,10.0,0.0,12.0,0.6,2.4,0.4,1.9,0.2,0.5,0.0,0.0,0.8,1.6,0.4,0.1,0.0,0.4,1.0
621,Briante Weber,PG,25.0,18.0,0.0,13.2,1.1,2.4,0.2,0.6,0.8,1.8,0.4,0.6,0.4,1.5,1.2,1.0,0.3,0.8,1.6
624,David West,C,37.0,73.0,0.0,13.7,3.0,5.2,0.0,0.1,2.9,5.1,0.8,1.1,0.9,2.4,1.9,0.6,1.0,1.1,1.6
625,Russell Westbrook,PG,29.0,80.0,80.0,36.4,9.5,21.1,1.2,4.1,8.3,17.0,5.2,7.1,1.9,8.2,10.3,1.8,0.3,4.8,2.5
626,Andrew White,SF,24.0,15.0,0.0,13.9,1.7,4.9,1.2,3.3,0.5,1.6,0.1,0.3,0.3,2.0,0.4,0.2,0.1,0.5,0.8
627,Derrick White,PG,23.0,17.0,0.0,8.2,0.9,1.9,0.5,0.8,0.5,1.2,0.8,1.2,0.3,1.2,0.5,0.2,0.2,0.4,0.5
628,Okaro White,PF,25.0,6.0,4.0,13.3,1.2,2.7,0.7,1.8,0.5,0.8,0.3,0.5,0.5,1.3,0.3,0.2,0.2,0.2,1.0
629,Isaiah Whitehead,PG,22.0,16.0,0.0,11.3,2.5,5.4,0.4,1.1,2.1,4.3,0.8,1.2,0.3,1.4,1.3,0.5,0.1,1.5,1.4
630,Hassan Whiteside,C,28.0,54.0,54.0,25.3,5.8,10.7,0.0,0.0,5.7,10.7,2.4,3.4,3.2,8.2,1.0,0.7,1.7,1.7,2.4
631,Andrew Wiggins,SF,22.0,82.0,82.0,36.3,6.9,15.9,1.4,4.1,5.6,11.7,2.5,3.8,1.0,3.4,2.0,1.1,0.6,1.7,2.0
632,Jacob Wiley,PF,23.0,5.0,0.0,6.6,0.2,0.8,0.2,0.4,0.0,0.4,0.2,0.4,0.4,1.8,0.4,0.2,0.0,0.0,0.8
633,Damien Wilkins,SF,38.0,19.0,1.0,8.0,0.7,2.1,0.2,0.9,0.5,1.1,0.2,0.2,0.3,0.6,0.5,0.1,0.1,0.3,0.4
634,Alan Williams,PF,25.0,5.0,0.0,14.0,1.4,3.6,0.0,0.0,1.4,3.6,1.2,1.8,0.6,3.8,1.6,1.0,0.2,1.4,2.6
635,C.J. Williams,SG,27.0,38.0,17.0,18.6,2.3,5.2,0.6,2.1,1.7,3.1,0.3,0.4,0.3,1.2,1.1,0.8,0.3,0.5,1.7
636,Derrick Williams,PF,26.0,2.0,0.0,4.5,0.5,2.0,0.0,1.0,0.5,1.0,0.0,0.0,0.0,0.5,0.0,0.0,0.0,0.0,0.0
637,Lou Williams,SG,31.0,79.0,19.0,32.8,7.4,16.9,2.4,6.6,5.0,10.4,5.5,6.2,0.5,2.0,5.3,1.1,0.2,3.0,1.3
638,Marvin Williams,PF,31.0,78.0,78.0,25.7,3.3,7.2,1.6,3.9,1.7,3.3,1.3,1.6,0.9,3.8,1.2,0.7,0.5,0.8,1.5
639,Matt Williams,SG,24.0,3.0,0.0,3.7,0.7,2.0,0.3,1.7,0.3,0.3,0.0,0.0,0.0,0.3,0.0,0.0,0.0,0.3,0.3
640,Troy Williams,SF,23.0,21.0,1.0,14.6,2.4,5.2,0.5,1.8,1.9,3.4,1.0,1.4,1.0,2.0,0.8,1.0,0.2,0.9,1.6
643,D.J. Wilson,PF,21.0,22.0,0.0,3.2,0.4,0.7,0.1,0.2,0.3,0.5,0.0,0.1,0.1,0.4,0.1,0.1,0.0,0.2,0.3
644,Jamil Wilson,SF,27.0,15.0,10.0,18.3,2.5,5.4,1.8,4.2,0.7,1.2,0.1,0.3,0.2,1.9,0.7,0.3,0.5,0.5,2.3
645,Justise Winslow,PF,21.0,68.0,25.0,24.7,3.0,7.2,0.7,1.9,2.3,5.3,1.0,1.5,0.9,4.5,2.2,0.8,0.5,1.1,2.1
646,Jeff Withey,C,27.0,9.0,0.0,4.3,0.7,1.8,0.2,1.1,0.4,0.7,0.1,0.2,0.1,1.0,0.0,0.0,0.3,0.2,0.3
647,Nate Wolters,PG,26.0,5.0,0.0,3.8,0.2,1.2,0.0,0.0,0.2,1.2,0.0,0.0,0.2,0.2,0.2,0.0,0.0,0.0,0.2
648,Brandan Wright,PF,30.0,28.0,1.0,13.6,2.1,3.6,0.0,0.0,2.1,3.6,0.8,1.2,1.2,2.2,0.5,0.5,0.9,0.3,1.1
651,Delon Wright,PG,25.0,69.0,4.0,20.8,2.9,6.3,0.8,2.2,2.1,4.0,1.4,1.7,0.7,2.2,2.9,1.0,0.5,1.1,1.2
652,Guerschon Yabusele,PF,22.0,33.0,4.0,7.1,0.8,1.8,0.4,1.1,0.4,0.7,0.5,0.7,0.5,1.1,0.5,0.1,0.2,0.4,0.7
653,James Young,SG,22.0,6.0,0.0,10.2,0.8,2.3,0.5,1.7,0.3,0.7,0.7,1.0,0.0,0.3,0.3,0.0,0.0,0.2,0.7
654,Joe Young,PG,25.0,53.0,1.0,10.5,1.5,3.5,0.5,1.2,1.0,2.3,0.4,0.5,0.2,1.0,0.7,0.3,0.0,0.5,0.7
655,Nick Young,SG,32.0,80.0,8.0,17.4,2.5,6.1,1.5,4.1,1.0,2.0,0.7,0.8,0.3,1.3,0.5,0.5,0.1,0.5,1.3
656,Thaddeus Young,PF,29.0,81.0,81.0,32.2,5.2,10.7,0.7,2.2,4.5,8.4,0.7,1.1,2.3,4.0,1.9,1.7,0.4,1.3,2.2
657,Cody Zeller,C,25.0,33.0,0.0,19.0,2.6,4.7,0.1,0.1,2.5,4.6,1.8,2.6,2.0,3.3,0.9,0.4,0.6,1.0,2.5
658,Tyler Zeller,C,28.0,66.0,34.0,16.8,2.8,5.1,0.2,0.4,2.7,4.6,0.9,1.2,1.7,3.0,0.7,0.2,0.5,0.7,1.9
661,Paul Zipser,SF,23.0,54.0,12.0,15.3,1.5,4.3,0.7,2.0,0.8,2.3,0.4,0.5,0.2,2.2,0.9,0.4,0.3,0.8,1.6
662,Ante Zizic,C,21.0,32.0,2.0,6.7,1.5,2.1,0.0,0.0,1.5,2.1,0.7,0.9,0.8,1.1,0.2,0.1,0.4,0.3,0.9
663,Ivica Zubac,C,20.0,43.0,0.0,9.5,1.4,2.8,0.0,0.0,1.4,2.8,0.9,1.2,1.0,1.8,0.6,0.2,0.3,0.6,1.1
